Count of name,Column Labels,,,,,,,,,
Row Labels,Outside Capital City,Within Capital City,Grand Total,,,,,,,
 Aberdeen,5,,5,,,,,,,
 Abilene,6,,6,,,,,,,
 Abingdon,2,,2,,,,,,,
 Acton,1,,1,,,,,,,
 Acworth,4,,4,,,,,,,
 Ada,3,,3,,,,,,,
 Adairsville,2,,2,,,,,,,
 Adel,1,,1,,,,,,,
 Adrian,2,,2,,,,,,,
 Agoura Hills,1,,1,,,,,,,
 Aiken,3,,3,,,,,,,
 Akron,12,,12,,,,,,,
 Alameda,2,,2,,,,,,,
 Alamogordo,2,,2,,,,,,,
 Albany,20,,20,,,,,,,
 Albert Lea,2,,2,,,,,,,
 Albertville,1,,1,,,,,,,
 Albion,2,,2,,,,,,,
 Albuquerque,26,,26,,,,,,,
 Alden,1,,1,,,,,,,
 Aledo,1,,1,,,,,,,
 Alexandria,9,,9,,,,,,,
 Algonquin,1,,1,,,,,,,
 Alhambra,5,,5,,,,,,,
 Aliquippa,1,,1,,,,,,,
 Allen,4,,4,,,,,,,
 Allen Park,1,,1,,,,,,,
 Allendale,4,,4,,,,,,,
 Allentown,5,,5,,,,,,,
 Alliance,4,,4,,,,,,,
 Allison Park,1,,1,,,,,,,
 Allston,1,,1,,,,,,,
 Alma,1,,1,,,,,,,
 Alpena,1,,1,,,,,,,
 Alpharetta,3,,3,,,,,,,
 Alpine,1,,1,,,,,,,
 Altadena,3,,3,,,,,,,
 Altamonte Springs,1,,1,,,,,,,
 Alto,1,,1,,,,,,,
 Altoona,2,,2,,,,,,,
 Alvin,2,,2,,,,,,,
 Amarillo,2,,2,,,,,,,
 Amelia,2,,2,,,,,,,
 American Canyon,1,,1,,,,,,,
 American Fork,1,,1,,,,,,,
 Americus,2,,2,,,,,,,
 Ames,6,,6,,,,,,,
 Amite,1,,1,,,,,,,
 Amityville,1,,1,,,,,,,
 Amory,1,,1,,,,,,,
 Anaheim,11,,11,,,,,,,
 Anchorage,6,,6,,,,,,,
 Anderson,9,,9,,,,,,,
 Andover,3,,3,,,,,,,
 Angola,1,,1,,,,,,,
 Ankeny,6,,6,,,,,,,
 Ann Arbor,2,,2,,,,,,,
 Annandale,1,,1,,,,,,,
 Anoka,1,,1,,,,,,,
 Antelope,1,,1,,,,,,,
 Antioch,4,,4,,,,,,,
 Apache Junction,2,,2,,,,,,,
 Apex,1,,1,,,,,,,
 Apopka,3,,3,,,,,,,
 Apple Valley,1,,1,,,,,,,
 Appleton,2,,2,,,,,,,
 Arapahoe,1,,1,,,,,,,
 Arcade,1,,1,,,,,,,
 Arcadia,5,,5,,,,,,,
 Arcata,1,,1,,,,,,,
 Ardmore,3,,3,,,,,,,
 Arkadelphia,1,,1,,,,,,,
 Arkansas City,1,,1,,,,,,,
 Arlington,16,,16,,,,,,,
 Arnold,4,,4,,,,,,,
 Arroyo Grande,1,,1,,,,,,,
 Artesia,2,,2,,,,,,,
 Arvada,6,,6,,,,,,,
 Asheboro,4,,4,,,,,,,
 Asheville,3,,3,,,,,,,
 Ashland,7,,7,,,,,,,
 Astoria,3,,3,,,,,,,
 Atascadero,2,,2,,,,,,,
 Athens,11,,11,,,,,,,
 Atlanta,2,33,35,,,,,,,
 Atlantic Beach,1,,1,,,,,,,
 Auburn,11,,11,,,,,,,
 Auburn Hills,2,,2,,,,,,,
 Auburndale,3,,3,,,,,,,
 Augusta,16,4,20,,,,,,,
 Aurora,16,,16,,,,,,,
 Austell,1,,1,,,,,,,
 Austin,2,26,28,,,,,,,
 Avon,1,,1,,,,,,,
 Avon Lake,1,,1,,,,,,,
 Avon Park,1,,1,,,,,,,
 Avondale,10,,10,,,,,,,
 Aynor,2,,2,,,,,,,
 Azle,1,,1,,,,,,,
 Aztec,1,,1,,,,,,,
 Azusa,5,,5,,,,,,,
 Bad Axe,1,,1,,,,,,,
 Baker,2,,2,,,,,,,
 Bakersfield,13,,13,,,,,,,
 Baldwin,2,,2,,,,,,,
 Baldwin Park,4,,4,,,,,,,
 Ballwin,1,,1,,,,,,,
 Baltimore,1,,1,,,,,,,
 Bangor,2,,2,,,,,,,
 Barberton,1,,1,,,,,,,
 Barbourville,1,,1,,,,,,,
 Barnesville,2,,2,,,,,,,
 Barstow,3,,3,,,,,,,
 Bartlett,1,,1,,,,,,,
 Bartow,2,,2,,,,,,,
 Bastrop,2,,2,,,,,,,
 Batavia,3,,3,,,,,,,
 Batesville,2,,2,,,,,,,
 Bath,1,,1,,,,,,,
 Baton Rouge,22,1,23,,,,,,,
 Battle Creek,5,,5,,,,,,,
 Battleboro,1,,1,,,,,,,
 Baxter,1,,1,,,,,,,
 Bay City,3,,3,,,,,,,
 Bay Saint Louis,1,,1,,,,,,,
 Bay Shore,1,,1,,,,,,,
 Bayard,1,,1,,,,,,,
 Baytown,4,,4,,,,,,,
 Bear,4,,4,,,,,,,
 Beatrice,1,,1,,,,,,,
 Beaufort,3,,3,,,,,,,
 Beaumont,4,,4,,,,,,,
 Beaver Dam,2,,2,,,,,,,
 Beaver Falls,1,,1,,,,,,,
 Beaverton,7,,7,,,,,,,
 Beckley,4,,4,,,,,,,
 Bedford,6,,6,,,,,,,
 Beech Grove,1,,1,,,,,,,
 Beeville,1,,1,,,,,,,
 Bel Air,2,,2,,,,,,,
 Belcamp,1,,1,,,,,,,
 Belen,1,,1,,,,,,,
 Bell Gardens,1,,1,,,,,,,
 Bella Vista,1,,1,,,,,,,
 Bellaire,1,,1,,,,,,,
 Belle Glade,2,,2,,,,,,,
 Belle Vernon,3,,3,,,,,,,
 Bellefontaine,2,,2,,,,,,,
 Belleville,4,,4,,,,,,,
 Bellevue,2,,2,,,,,,,
 Bellflower,3,,3,,,,,,,
 Bellingham,1,,1,,,,,,,
 Belmar,1,,1,,,,,,,
 Belmont,2,,2,,,,,,,
 Beloit,2,,2,,,,,,,
 Belton,2,,2,,,,,,,
 Beltsville,1,,1,,,,,,,
 Belvidere,1,,1,,,,,,,
 Bend,4,,4,,,,,,,
 Benicia,1,,1,,,,,,,
 Bensalem,2,,2,,,,,,,
 Bentleyville,1,,1,,,,,,,
 Benton,2,,2,,,,,,,
 Bentonville,5,,5,,,,,,,
 Berea,2,,2,,,,,,,
 Bergenfield,1,,1,,,,,,,
 Berlin,2,,2,,,,,,,
 Berwick,1,,1,,,,,,,
 Berwyn,2,,2,,,,,,,
 Bethalto,1,,1,,,,,,,
 Bethel Park,2,,2,,,,,,,
 Bethlehem,3,,3,,,,,,,
 Bettendorf,2,,2,,,,,,,
 Beverly,1,,1,,,,,,,
 Big Bear Lake,1,,1,,,,,,,
 Big Rapids,1,,1,,,,,,,
 Big Spring,1,,1,,,,,,,
 Billings,3,,3,,,,,,,
 Biloxi,3,,3,,,,,,,
 Binghamton,3,,3,,,,,,,
 Birch Run,1,,1,,,,,,,
 Birmingham,2,,2,,,,,,,
 Bishop,1,,1,,,,,,,
 Bismarck,,3,3,,,,,,,
 Bixby,1,,1,,,,,,,
 Black Mountain,2,,2,,,,,,,
 Blackfoot,2,,2,,,,,,,
 Blacklick,1,,1,,,,,,,
 Blackwell,1,,1,,,,,,,
 Blackwood,1,,1,,,,,,,
 Bladenboro,1,,1,,,,,,,
 Blair,1,,1,,,,,,,
 Bloomington,5,,5,,,,,,,
 Bloomsburg,2,,2,,,,,,,
 Blountville,3,,3,,,,,,,
 Blue Earth,1,,1,,,,,,,
 Blue Ridge,1,,1,,,,,,,
 Blue Springs,4,,4,,,,,,,
 Bluefield,1,,1,,,,,,,
 Bluffton,1,,1,,,,,,,
 Blytheville,1,,1,,,,,,,
 Blythewood,1,,1,,,,,,,
 Boca Raton,1,,1,,,,,,,
 Boerne,1,,1,,,,,,,
 Bogalusa,1,,1,,,,,,,
 Boiling Springs,3,,3,,,,,,,
 Boise,5,,5,,,,,,,
 Bolingbrook,2,,2,,,,,,,
 Bolivar,1,,1,,,,,,,
 Bonaire,1,,1,,,,,,,
 Bonham,2,,2,,,,,,,
 Bonifay,1,,1,,,,,,,
 Bonita,1,,1,,,,,,,
 Bonner Springs,1,,1,,,,,,,
 Boone,2,,2,,,,,,,
 Boonville,2,,2,,,,,,,
 Bossier City,3,,3,,,,,,,
 Boston,,10,10,,,,,,,
 Boulder,3,,3,,,,,,,
 Boulder City,1,,1,,,,,,,
 Bound Brook,1,,1,,,,,,,
 Bourbonnais,4,,4,,,,,,,
 Bowdon,1,,1,,,,,,,
 Bowie,1,,1,,,,,,,
 Bowling Green,5,,5,,,,,,,
 Boynton Beach,2,,2,,,,,,,
 Bozeman,3,,3,,,,,,,
 Bradenton,6,,6,,,,,,,
 Bradford,2,,2,,,,,,,
 Bradley,2,,2,,,,,,,
 Braidwood,1,,1,,,,,,,
 Brainerd,1,,1,,,,,,,
 Braintree,1,,1,,,,,,,
 Brandon,4,,4,,,,,,,
 Branson,1,,1,,,,,,,
 Brawley,1,,1,,,,,,,
 Brazil,1,,1,,,,,,,
 Brazoria,1,,1,,,,,,,
 Brea,3,,3,,,,,,,
 Breese,1,,1,,,,,,,
 Breezewood,1,,1,,,,,,,
 Breinigsville,1,,1,,,,,,,
 Bremen,1,,1,,,,,,,
 Brentwood,1,,1,,,,,,,
 Brick,1,,1,,,,,,,
 Bridge City,1,,1,,,,,,,
 Bridgeport,2,,2,,,,,,,
 Bridgeton,4,,4,,,,,,,
 Bridgeview,1,,1,,,,,,,
 Bridgeville,3,,3,,,,,,,
 Bridgman,2,,2,,,,,,,
 Brigham City,1,,1,,,,,,,
 Brighton,6,,6,,,,,,,
 Brinkley,1,,1,,,,,,,
 Bristol,3,,3,,,,,,,
 Bristow,1,,1,,,,,,,
 Broadview Heights,2,,2,,,,,,,
 Brockton,4,,4,,,,,,,
 Broken Arrow,1,,1,,,,,,,
 Broken Bow,1,,1,,,,,,,
 Bronx,16,,16,,,,,,,
 Brookfield,2,,2,,,,,,,
 Brookhaven,4,,4,,,,,,,
 Brookings,5,,5,,,,,,,
 Brookline,1,,1,,,,,,,
 Brooklyn,31,,31,,,,,,,
 Brookshire,1,,1,,,,,,,
 Brooksville,1,,1,,,,,,,
 Brookville,2,,2,,,,,,,
 Broomfield,3,,3,,,,,,,
 Broussard,1,,1,,,,,,,
 Brownsburg,3,,3,,,,,,,
 Brownsville,3,,3,,,,,,,
 Brunswick,4,,4,,,,,,,
 Brush,1,,1,,,,,,,
 Bryan,5,,5,,,,,,,
 Bryant,2,,2,,,,,,,
 Bryson City,1,,1,,,,,,,
 Buckeye,3,,3,,,,,,,
 Buckhannon,2,,2,,,,,,,
 Bucyrus,3,,3,,,,,,,
 Buda,1,,1,,,,,,,
 Budd Lake,1,,1,,,,,,,
 Buellton,1,,1,,,,,,,
 Buena Park,4,,4,,,,,,,
 Buffalo,8,,8,,,,,,,
 Buford,5,,5,,,,,,,
 Bulls Gap,1,,1,,,,,,,
 Buna,1,,1,,,,,,,
 Burbank,6,,6,,,,,,,
 Burkburnett,1,,1,,,,,,,
 Burke,2,,2,,,,,,,
 Burleson,3,,3,,,,,,,
 Burley,1,,1,,,,,,,
 Burlingame,1,,1,,,,,,,
 Burlington,9,,9,,,,,,,
 Burnham,1,,1,,,,,,,
 Burnsville,2,,2,,,,,,,
 Burton,1,,1,,,,,,,
 Bushnell,1,,1,,,,,,,
 Butler,3,,3,,,,,,,
 Butte,2,,2,,,,,,,
 Byesville,1,,1,,,,,,,
 Byron,1,,1,,,,,,,
 Cabot,2,,2,,,,,,,
 Cadillac,2,,2,,,,,,,
 Caldwell,3,,3,,,,,,,
 Calera,1,,1,,,,,,,
 Calhan,1,,1,,,,,,,
 Calhoun,2,,2,,,,,,,
 Calhoun City,1,,1,,,,,,,
 Calimesa,2,,2,,,,,,,
 Calumet City,1,,1,,,,,,,
 Camarillo,1,,1,,,,,,,
 Cambridge,9,,9,,,,,,,
 Camby,2,,2,,,,,,,
 Camden,2,,2,,,,,,,
 Cameron,2,,2,,,,,,,
 Camp Hill,2,,2,,,,,,,
 Campbell,4,,4,,,,,,,
 Campbellsville,2,,2,,,,,,,
 Canal Winchester,1,,1,,,,,,,
 Canby,1,,1,,,,,,,
 Candler,1,,1,,,,,,,
 Canoga Park,2,,2,,,,,,,
 Canonsburg,4,,4,,,,,,,
 Canton,20,,20,,,,,,,
 Canyon,1,,1,,,,,,,
 Canyon Country,4,,4,,,,,,,
 Cape Canaveral,1,,1,,,,,,,
 Cape Coral,1,,1,,,,,,,
 Cape Girardeau,2,,2,,,,,,,
 Capitol Heights,2,,2,,,,,,,
 Capitola,1,,1,,,,,,,
 Carbondale,1,,1,,,,,,,
 Caribou,1,,1,,,,,,,
 Carlsbad,4,,4,,,,,,,
 Carmel,5,,5,,,,,,,
 Carmichael,2,,2,,,,,,,
 Carnegie,1,,1,,,,,,,
 Carpentersville,2,,2,,,,,,,
 Carrizo Springs,1,,1,,,,,,,
 Carrollton,9,,9,,,,,,,
 Carson,5,,5,,,,,,,
 Carson City,,3,3,,,,,,,
 Cartersville,4,,4,,,,,,,
 Carthage,2,,2,,,,,,,
 Cary,4,,4,,,,,,,
 Casa Grande,1,,1,,,,,,,
 Casper,2,,2,,,,,,,
 Castle Rock,3,,3,,,,,,,
 Castro Valley,4,,4,,,,,,,
 Catlettsburg,1,,1,,,,,,,
 Catonsville,6,,6,,,,,,,
 Catoosa,1,,1,,,,,,,
 Cave Creek,2,,2,,,,,,,
 Cedar City,1,,1,,,,,,,
 Cedar Hill,1,,1,,,,,,,
 Cedar Knolls,1,,1,,,,,,,
 Cedar Park,4,,4,,,,,,,
 Cedar Rapids,7,,7,,,,,,,
 Cedar Springs,2,,2,,,,,,,
 Cedarburg,1,,1,,,,,,,
 Cedartown,2,,2,,,,,,,
 Centereach,3,,3,,,,,,,
 Centerville,1,,1,,,,,,,
 Central,1,,1,,,,,,,
 Central City,1,,1,,,,,,,
 Central Islip,1,,1,,,,,,,
 Centralia,2,,2,,,,,,,
 Centreville,1,,1,,,,,,,
 Ceres,1,,1,,,,,,,
 Cerritos,2,,2,,,,,,,
 Chadbourn,1,,1,,,,,,,
 Chadron,2,,2,,,,,,,
 Chamberlain,1,,1,,,,,,,
 Chambersburg,3,,3,,,,,,,
 Champaign,3,,3,,,,,,,
 Champlin,1,,1,,,,,,,
 Chandler,14,,14,,,,,,,
 Chanhassen,2,,2,,,,,,,
 Chantilly,3,,3,,,,,,,
 Chapel Hill,5,,5,,,,,,,
 Chardon,1,,1,,,,,,,
 Charles Town,1,,1,,,,,,,
 Charleston,1,8,9,,,,,,,
 Charlestown,1,,1,,,,,,,
 Charlevoix,1,,1,,,,,,,
 Charlotte,24,,24,,,,,,,
 Charlottesville,6,,6,,,,,,,
 Chaska,1,,1,,,,,,,
 Chatsworth,2,,2,,,,,,,
 Chattahoochee,1,,1,,,,,,,
 Chattanooga,19,,19,,,,,,,
 Checotah,1,,1,,,,,,,
 Chehalis,1,,1,,,,,,,
 Chelmsford,2,,2,,,,,,,
 Chelsea,2,,2,,,,,,,
 Chesapeake,2,,2,,,,,,,
 Cheshire,1,,1,,,,,,,
 Chester,2,,2,,,,,,,
 Chesterfield,2,,2,,,,,,,
 Chesterton,2,,2,,,,,,,
 Chestertown,2,,2,,,,,,,
 Chetek,1,,1,,,,,,,
 Cheyenne,,5,5,,,,,,,
 Chicago,40,,40,,,,,,,
 Chicago Heights,1,,1,,,,,,,
 Chickasha,3,,3,,,,,,,
 Chico,4,,4,,,,,,,
 Chicopee,3,,3,,,,,,,
 Childress,1,,1,,,,,,,
 Chillicothe,2,,2,,,,,,,
 Chino,3,,3,,,,,,,
 Chino Hills,2,,2,,,,,,,
 Chino Valley,1,,1,,,,,,,
 Chipley,1,,1,,,,,,,
 Christiansburg,3,,3,,,,,,,
 Chula Vista,5,,5,,,,,,,
 Church Hill,1,,1,,,,,,,
 Churchville,1,,1,,,,,,,
 Cicero,3,,3,,,,,,,
 Cincinnati,20,,20,,,,,,,
 Circle Pines,2,,2,,,,,,,
 Circleville,4,,4,,,,,,,
 Citrus Heights,8,,8,,,,,,,
 Clare,2,,2,,,,,,,
 Claremont,2,,2,,,,,,,
 Clarion,2,,2,,,,,,,
 Clarkesville,1,,1,,,,,,,
 Clarksburg,2,,2,,,,,,,
 Clarksdale,3,,3,,,,,,,
 Clarkston,2,,2,,,,,,,
 Clarksville,8,,8,,,,,,,
 Claymont,1,,1,,,,,,,
 Clayton,2,,2,,,,,,,
 Clear Lake,1,,1,,,,,,,
 Clearfield,1,,1,,,,,,,
 Clearwater,4,,4,,,,,,,
 Clearwater Beach,1,,1,,,,,,,
 Cleburne,2,,2,,,,,,,
 Clementon,1,,1,,,,,,,
 Clemmons,1,,1,,,,,,,
 Clemson,1,,1,,,,,,,
 Clermont,3,,3,,,,,,,
 Cleveland,29,,29,,,,,,,
 Clifton,1,,1,,,,,,,
 Clifton Park,1,,1,,,,,,,
 Clinton,5,,5,,,,,,,
 Clinton Township,1,,1,,,,,,,
 Clintonville,1,,1,,,,,,,
 Cloquet,1,,1,,,,,,,
 Clover,1,,1,,,,,,,
 Clovis,4,,4,,,,,,,
 Coachella,2,,2,,,,,,,
 Coal City,1,,1,,,,,,,
 Coalinga,3,,3,,,,,,,
 Cobleskill,1,,1,,,,,,,
 Cocoa,2,,2,,,,,,,
 Cody,4,,4,,,,,,,
 Coeur d'Alene,2,,2,,,,,,,
 Coffeyville,1,,1,,,,,,,
 Colchester,1,,1,,,,,,,
 Coldwater,2,,2,,,,,,,
 College Park,1,,1,,,,,,,
 Collierville,1,,1,,,,,,,
 Collinsville,7,,7,,,,,,,
 Colona,1,,1,,,,,,,
 Colonial Heights,1,,1,,,,,,,
 Colorado City,1,,1,,,,,,,
 Colorado Springs,5,,5,,,,,,,
 Colton,3,,3,,,,,,,
 Columbia,15,15,30,,,,,,,
 Columbia City,2,,2,,,,,,,
 Columbus,11,47,58,,,,,,,
 Comanche,1,,1,,,,,,,
 Commack,2,,2,,,,,,,
 Commerce,1,,1,,,,,,,
 Compton,2,,2,,,,,,,
 Comstock Park,1,,1,,,,,,,
 Concord,6,1,7,,,,,,,
 Conifer,2,,2,,,,,,,
 Conley,1,,1,,,,,,,
 Connersville,2,,2,,,,,,,
 Conover,2,,2,,,,,,,
 Conroe,4,,4,,,,,,,
 Converse,2,,2,,,,,,,
 Conway,3,,3,,,,,,,
 Conyers,5,,5,,,,,,,
 Cookeville,4,,4,,,,,,,
 Coopersburg,1,,1,,,,,,,
 Coos Bay,2,,2,,,,,,,
 Copperas Cove,1,,1,,,,,,,
 Coralville,2,,2,,,,,,,
 Coram,1,,1,,,,,,,
 Coraopolis,2,,2,,,,,,,
 Corbin,1,,1,,,,,,,
 Corcoran,1,,1,,,,,,,
 Cordele,1,,1,,,,,,,
 Cordova,1,,1,,,,,,,
 Cornelia,2,,2,,,,,,,
 Cornelius,1,,1,,,,,,,
 Cornersville,1,,1,,,,,,,
 Corona,9,,9,,,,,,,
 Corpus Christi,11,,11,,,,,,,
 Corrigan,1,,1,,,,,,,
 Corsicana,1,,1,,,,,,,
 Cortland,2,,2,,,,,,,
 Corvallis,5,,5,,,,,,,
 Corydon,3,,3,,,,,,,
 Coshocton,1,,1,,,,,,,
 Costa Mesa,8,,8,,,,,,,
 Cottage Grove,1,,1,,,,,,,
 Cottonport,1,,1,,,,,,,
 Cottonwood,1,,1,,,,,,,
 Council Bluffs,2,,2,,,,,,,
 Covina,2,,2,,,,,,,
 Covington,5,,5,,,,,,,
 Cranberry,1,,1,,,,,,,
 Cranberry Township,1,,1,,,,,,,
 Cranston,1,,1,,,,,,,
 Crawfordsville,1,,1,,,,,,,
 Crawfordville,2,,2,,,,,,,
 Crescent City,2,,2,,,,,,,
 Cresson,1,,1,,,,,,,
 Crest Hill,1,,1,,,,,,,
 Creston,1,,1,,,,,,,
 Crestview,3,,3,,,,,,,
 Crete,1,,1,,,,,,,
 Crisfield,1,,1,,,,,,,
 Crofton,1,,1,,,,,,,
 Crossville,1,,1,,,,,,,
 Crowley,1,,1,,,,,,,
 Cuba,1,,1,,,,,,,
 Cuero,2,,2,,,,,,,
 Culpeper,1,,1,,,,,,,
 Culver City,2,,2,,,,,,,
 Cumberland,4,,4,,,,,,,
 Cumming,4,,4,,,,,,,
 Curran,1,,1,,,,,,,
 Cut Bank,1,,1,,,,,,,
 Cut Off,1,,1,,,,,,,
 Cuyahoga Falls,5,,5,,,,,,,
 Cypress,3,,3,,,,,,,
 Dacula,1,,1,,,,,,,
 Dahlonega,1,,1,,,,,,,
 Daingerfield,1,,1,,,,,,,
 Daleville,1,,1,,,,,,,
 Dallas,49,,49,,,,,,,
 Dalton,9,,9,,,,,,,
 Daly City,4,,4,,,,,,,
 Dana Point,3,,3,,,,,,,
 Dansville,1,,1,,,,,,,
 Danvers,2,,2,,,,,,,
 Danville,4,,4,,,,,,,
 Dardanelle,1,,1,,,,,,,
 Darien,1,,1,,,,,,,
 Darlington,1,,1,,,,,,,
 Davenport,7,,7,,,,,,,
 Davis,2,,2,,,,,,,
 Davison,2,,2,,,,,,,
 Dayton,20,,20,,,,,,,
 Daytona Beach,4,,4,,,,,,,
 De Pere,2,,2,,,,,,,
 De Soto,1,,1,,,,,,,
 Dearborn,1,,1,,,,,,,
 Dearborn Heights,2,,2,,,,,,,
 Decatur,10,,10,,,,,,,
 Decherd,1,,1,,,,,,,
 Deer Lodge,1,,1,,,,,,,
 Deer Park,1,,1,,,,,,,
 Deerfield Beach,2,,2,,,,,,,
 Defiance,2,,2,,,,,,,
 DeFuniak Springs,3,,3,,,,,,,
 DeKalb,4,,4,,,,,,,
 Del Rio,4,,4,,,,,,,
 Delafield,3,,3,,,,,,,
 DeLand,4,,4,,,,,,,
 Delavan,2,,2,,,,,,,
 Delaware,5,,5,,,,,,,
 Delmar,1,,1,,,,,,,
 Delray Beach,1,,1,,,,,,,
 Delta,1,,1,,,,,,,
 Deltona,3,,3,,,,,,,
 Deming,1,,1,,,,,,,
 Denham Springs,1,,1,,,,,,,
 Denison,2,,2,,,,,,,
 Denton,4,,4,,,,,,,
 Denver,1,33,34,,,,,,,
 Depew,1,,1,,,,,,,
 DeRidder,2,,2,,,,,,,
 Derry,2,,2,,,,,,,
 Des Moines,,9,9,,,,,,,
 Des Plaines,2,,2,,,,,,,
 Destrehan,1,,1,,,,,,,
 Detroit,11,,11,,,,,,,
 Detroit Lakes,1,,1,,,,,,,
 Devils Lake,1,,1,,,,,,,
 Devon,1,,1,,,,,,,
 Dexter,2,,2,,,,,,,
 Diamond Bar,2,,2,,,,,,,
 Dickinson,4,,4,,,,,,,
 Dickson,2,,2,,,,,,,
 Dillon,1,,1,,,,,,,
 Dillsburg,1,,1,,,,,,,
 Dinuba,1,,1,,,,,,,
 District Heights,1,,1,,,,,,,
 Dixon,3,,3,,,,,,,
 Dodge City,3,,3,,,,,,,
 Dolton,1,,1,,,,,,,
 Dorchester,2,,2,,,,,,,
 Douglas,1,,1,,,,,,,
 Douglasville,7,,7,,,,,,,
 Dover,,1,1,,,,,,,
 Dover Plains,1,,1,,,,,,,
 Dowagiac,1,,1,,,,,,,
 Downers Grove,4,,4,,,,,,,
 Downey,3,,3,,,,,,,
 Doylestown,1,,1,,,,,,,
 Dracut,1,,1,,,,,,,
 Draper,5,,5,,,,,,,
 Dresden,1,,1,,,,,,,
 Dripping Springs,1,,1,,,,,,,
 Duarte,3,,3,,,,,,,
 Dublin,5,,5,,,,,,,
 Dubuque,3,,3,,,,,,,
 Duluth,9,,9,,,,,,,
 Dumas,1,,1,,,,,,,
 Dumfries,1,,1,,,,,,,
 Duncan,4,,4,,,,,,,
 Duncanville,2,,2,,,,,,,
 Dundalk,2,,2,,,,,,,
 Dundee,2,,2,,,,,,,
 Dunedin,1,,1,,,,,,,
 Dunlap,1,,1,,,,,,,
 Dunn,3,,3,,,,,,,
 Durango,2,,2,,,,,,,
 Durant,2,,2,,,,,,,
 Durham,9,,9,,,,,,,
 Dwight,1,,1,,,,,,,
 Dyersburg,2,,2,,,,,,,
 Eagle,2,,2,,,,,,,
 Eagle Pass,1,,1,,,,,,,
 Eagle River,1,,1,,,,,,,
 Early,1,,1,,,,,,,
 Easley,3,,3,,,,,,,
 East Alton,2,,2,,,,,,,
 East Aurora,1,,1,,,,,,,
 East Bernard,1,,1,,,,,,,
 East Brunswick,1,,1,,,,,,,
 East Greenwich,1,,1,,,,,,,
 East Hanover,1,,1,,,,,,,
 East Lansing,2,,2,,,,,,,
 East Liverpool,1,,1,,,,,,,
 East Meadow,1,,1,,,,,,,
 East Northport,1,,1,,,,,,,
 East Orange,1,,1,,,,,,,
 East Peoria,2,,2,,,,,,,
 East Saint Louis,1,,1,,,,,,,
 East Wareham,4,,4,,,,,,,
 East Wenatchee,1,,1,,,,,,,
 Eastland,2,,2,,,,,,,
 Easton,1,,1,,,,,,,
 Eaton Rapids,1,,1,,,,,,,
 Eatonton,1,,1,,,,,,,
 Eau Claire,8,,8,,,,,,,
 Ebensburg,1,,1,,,,,,,
 Ecorse,1,,1,,,,,,,
 Eddyville,1,,1,,,,,,,
 Eden,1,,1,,,,,,,
 Eden Prairie,1,,1,,,,,,,
 Edgewater,4,,4,,,,,,,
 Edgewood,1,,1,,,,,,,
 Edinburg,2,,2,,,,,,,
 Edison,2,,2,,,,,,,
 Edmond,4,,4,,,,,,,
 Edmonton,1,,1,,,,,,,
 Edna,1,,1,,,,,,,
 Edwards,1,,1,,,,,,,
 Edwardsville,1,,1,,,,,,,
 Effingham,6,,6,,,,,,,
 El Cajon,7,,7,,,,,,,
 El Centro,1,,1,,,,,,,
 El Cerrito,1,,1,,,,,,,
 El Dorado,1,,1,,,,,,,
 El Dorado Springs,1,,1,,,,,,,
 El Monte,4,,4,,,,,,,
 El Paso,19,,19,,,,,,,
 El Sobrante,1,,1,,,,,,,
 Elberton,2,,2,,,,,,,
 Elgin,6,,6,,,,,,,
 Elizabeth City,2,,2,,,,,,,
 Elizabethton,1,,1,,,,,,,
 Elizabethtown,7,,7,,,,,,,
 Elk City,4,,4,,,,,,,
 Elk Grove,1,,1,,,,,,,
 Elk Grove Village,2,,2,,,,,,,
 Elkhart,2,,2,,,,,,,
 Elkins,1,,1,,,,,,,
 Elko,1,,1,,,,,,,
 Elkridge,1,,1,,,,,,,
 Elkton,3,,3,,,,,,,
 Elkview,1,,1,,,,,,,
 Ellicott City,4,,4,,,,,,,
 Ellijay,3,,3,,,,,,,
 Ellsworth,2,,2,,,,,,,
 Ellwood City,1,,1,,,,,,,
 Elmont,1,,1,,,,,,,
 Elmwood Park,4,,4,,,,,,,
 Eloy,1,,1,,,,,,,
 Elsa,1,,1,,,,,,,
 Elyria,3,,3,,,,,,,
 Emmett,1,,1,,,,,,,
 Emmitsburg,1,,1,,,,,,,
 Emporia,1,,1,,,,,,,
 Encinitas,1,,1,,,,,,,
 Encino,1,,1,,,,,,,
 Endicott,3,,3,,,,,,,
 Englewood,3,,3,,,,,,,
 Englishtown,1,,1,,,,,,,
 Enid,2,,2,,,,,,,
 Ennis,3,,3,,,,,,,
 Enoree,1,,1,,,,,,,
 Enosburg Falls,1,,1,,,,,,,
 Enumclaw,1,,1,,,,,,,
 Ephrata,2,,2,,,,,,,
 Erie,10,,10,,,,,,,
 Ermine,1,,1,,,,,,,
 Erwin,1,,1,,,,,,,
 Escanaba,1,,1,,,,,,,
 Escondido,5,,5,,,,,,,
 Essex,1,,1,,,,,,,
 Essex Junction,1,,1,,,,,,,
 Estero,1,,1,,,,,,,
 Eugene,9,,9,,,,,,,
 Eunice,1,,1,,,,,,,
 Eureka,2,,2,,,,,,,
 Eustis,2,,2,,,,,,,
 Evans,1,,1,,,,,,,
 Evansdale,1,,1,,,,,,,
 Evanston,2,,2,,,,,,,
 Evansville,3,,3,,,,,,,
 Eveleth,1,,1,,,,,,,
 Everett,5,,5,,,,,,,
 Evergreen,1,,1,,,,,,,
 Exeter,1,,1,,,,,,,
 Exmore,1,,1,,,,,,,
 Exton,1,,1,,,,,,,
 Fair Oaks,1,,1,,,,,,,
 Fairbanks,1,,1,,,,,,,
 Fairborn,5,,5,,,,,,,
 Fairburn,1,,1,,,,,,,
 Fairfax,3,,3,,,,,,,
 Fairfield,4,,4,,,,,,,
 Fairhaven,1,,1,,,,,,,
 Fairless Hills,3,,3,,,,,,,
 Fairmont,2,,2,,,,,,,
 Fairport,2,,2,,,,,,,
 Fairview Heights,1,,1,,,,,,,
 Fall River,1,,1,,,,,,,
 Fallbrook,1,,1,,,,,,,
 Falls Church,5,,5,,,,,,,
 Fargo,4,,4,,,,,,,
 Faribault,1,,1,,,,,,,
 Farmerville,1,,1,,,,,,,
 Farmingdale,1,,1,,,,,,,
 Farmington,8,,8,,,,,,,
 Farmville,3,,3,,,,,,,
 Fayetteville,15,,15,,,,,,,
 Federal Way,3,,3,,,,,,,
 Fenton,2,,2,,,,,,,
 Ferdinand,1,,1,,,,,,,
 Fergus Falls,2,,2,,,,,,,
 Festus,1,,1,,,,,,,
 Findlay,1,,1,,,,,,,
 Fishers,6,,6,,,,,,,
 Fitchburg,2,,2,,,,,,,
 Fitzgerald,1,,1,,,,,,,
 Flagstaff,3,,3,,,,,,,
 Flemington,1,,1,,,,,,,
 Flint,9,,9,,,,,,,
 Florence,10,,10,,,,,,,
 Florissant,3,,3,,,,,,,
 Flourtown,1,,1,,,,,,,
 Flower Mound,2,,2,,,,,,,
 Flowery Branch,3,,3,,,,,,,
 Follansbee,2,,2,,,,,,,
 Folsom,3,,3,,,,,,,
 Fond du Lac,3,,3,,,,,,,
 Fontana,9,,9,,,,,,,
 Forest City,1,,1,,,,,,,
 Forest Hills,1,,1,,,,,,,
 Forest Lake,1,,1,,,,,,,
 Forney,1,,1,,,,,,,
 Forsyth,3,,3,,,,,,,
 Fort Belvoir,1,,1,,,,,,,
 Fort Collins,3,,3,,,,,,,
 Fort George G Meade,1,,1,,,,,,,
 Fort Lauderdale,17,,17,,,,,,,
 Fort Lupton,1,,1,,,,,,,
 Fort Mill,1,,1,,,,,,,
 Fort Myers,2,,2,,,,,,,
 Fort Pierce,3,,3,,,,,,,
 Fort Smith,7,,7,,,,,,,
 Fort Walton Beach,2,,2,,,,,,,
 Fort Wayne,11,,11,,,,,,,
 Fort Worth,10,,10,,,,,,,
 Fortuna,1,,1,,,,,,,
 Fostoria,1,,1,,,,,,,
 Fountain Hills,2,,2,,,,,,,
 Fountain Inn,1,,1,,,,,,,
 Fountain Valley,4,,4,,,,,,,
 Fox Lake,1,,1,,,,,,,
 Frackville,1,,1,,,,,,,
 Framingham,2,,2,,,,,,,
 Frankenmuth,1,,1,,,,,,,
 Frankfort,,2,2,,,,,,,
 Franklin,11,,11,,,,,,,
 Franklin Park,1,,1,,,,,,,
 Franklinton,1,,1,,,,,,,
 Fraser,1,,1,,,,,,,
 Frederick,3,,3,,,,,,,
 Fredericksburg,9,,9,,,,,,,
 Fredonia,1,,1,,,,,,,
 Freedom,1,,1,,,,,,,
 Freeport,2,,2,,,,,,,
 Fremont,9,,9,,,,,,,
 Fresh Meadows,1,,1,,,,,,,
 Fresno,12,,12,,,,,,,
 Frisco,3,,3,,,,,,,
 Frostburg,1,,1,,,,,,,
 Fruitport,1,,1,,,,,,,
 Fullerton,9,,9,,,,,,,
 Fulton,1,,1,,,,,,,
 Gaffney,1,,1,,,,,,,
 Gainesboro,1,,1,,,,,,,
 Gainesville,11,,11,,,,,,,
 Gallatin,2,,2,,,,,,,
 Gallipolis,2,,2,,,,,,,
 Galt,1,,1,,,,,,,
 Gambrills,1,,1,,,,,,,
 Garden City,2,,2,,,,,,,
 Garden Grove,2,,2,,,,,,,
 Gardena,4,,4,,,,,,,
 Gardner,1,,1,,,,,,,
 Garland,7,,7,,,,,,,
 Garwood,1,,1,,,,,,,
 Gary,3,,3,,,,,,,
 Gas City,1,,1,,,,,,,
 Gaston,1,,1,,,,,,,
 Gastonia,6,,6,,,,,,,
 Gatlinburg,1,,1,,,,,,,
 Geneva,3,,3,,,,,,,
 Georgetown,4,,4,,,,,,,
 Germantown,3,,3,,,,,,,
 Gettysburg,2,,2,,,,,,,
 Gibson City,1,,1,,,,,,,
 Gibsonia,1,,1,,,,,,,
 Gilbert,15,,15,,,,,,,
 Gillette,2,,2,,,,,,,
 Gilmer,2,,2,,,,,,,
 Gilroy,3,,3,,,,,,,
 Girard,1,,1,,,,,,,
 Gladstone,2,,2,,,,,,,
 Glassboro,1,,1,,,,,,,
 Glastonbury,3,,3,,,,,,,
 Glen Burnie,4,,4,,,,,,,
 Glen Carbon,1,,1,,,,,,,
 Glen Cove,1,,1,,,,,,,
 Glen Ellyn,1,,1,,,,,,,
 Glen Rose,1,,1,,,,,,,
 Glendale,27,,27,,,,,,,
 Glendale Heights,1,,1,,,,,,,
 Glendive,1,,1,,,,,,,
 Glendora,3,,3,,,,,,,
 Glenolden,1,,1,,,,,,,
 Glenpool,1,,1,,,,,,,
 Glenview,2,,2,,,,,,,
 Gloucester,1,,1,,,,,,,
 Gloversville,1,,1,,,,,,,
 Godfrey,2,,2,,,,,,,
 Goldsboro,2,,2,,,,,,,
 Goleta,1,,1,,,,,,,
 Gonzales,6,,6,,,,,,,
 Goodlettsville,5,,5,,,,,,,
 Goodyear,1,,1,,,,,,,
 Goose Creek,1,,1,,,,,,,
 Gordonsville,2,,2,,,,,,,
 Goshen,3,,3,,,,,,,
 Graceville,1,,1,,,,,,,
 Grafton,2,,2,,,,,,,
 Graham,1,,1,,,,,,,
 Granada Hills,2,,2,,,,,,,
 Grand Blanc,1,,1,,,,,,,
 Grand Forks,8,,8,,,,,,,
 Grand Haven,1,,1,,,,,,,
 Grand Island,4,,4,,,,,,,
 Grand Junction,3,,3,,,,,,,
 Grand Prairie,6,,6,,,,,,,
 Grand Rapids,20,,20,,,,,,,
 Grandview,2,,2,,,,,,,
 Grandville,4,,4,,,,,,,
 Granite Bay,2,,2,,,,,,,
 Granite City,2,,2,,,,,,,
 Grants,2,,2,,,,,,,
 Grants Pass,4,,4,,,,,,,
 Grantsville,2,,2,,,,,,,
 Grapevine,2,,2,,,,,,,
 Grass Lake,1,,1,,,,,,,
 Grayslake,2,,2,,,,,,,
 Great Falls,2,,2,,,,,,,
 Greeley,3,,3,,,,,,,
 Green Bay,4,,4,,,,,,,
 Green River,1,,1,,,,,,,
 Green Valley,1,,1,,,,,,,
 Greenbrier,1,,1,,,,,,,
 Greencastle,2,,2,,,,,,,
 Greeneville,4,,4,,,,,,,
 Greensboro,13,,13,,,,,,,
 Greensburg,4,,4,,,,,,,
 Greenvale,1,,1,,,,,,,
 Greenville,11,,11,,,,,,,
 Greenwich,1,,1,,,,,,,
 Greenwood,2,,2,,,,,,,
 Greer,5,,5,,,,,,,
 Gresham,3,,3,,,,,,,
 Gretna,4,,4,,,,,,,
 Griffin,2,,2,,,,,,,
 Grimes,1,,1,,,,,,,
 Grindstone,1,,1,,,,,,,
 Grinnell,1,,1,,,,,,,
 Grove City,6,,6,,,,,,,
 Grover Beach,1,,1,,,,,,,
 Guilford,2,,2,,,,,,,
 Gulf Breeze,1,,1,,,,,,,
 Gulfport,2,,2,,,,,,,
 Gurnee,3,,3,,,,,,,
 Gustine,1,,1,,,,,,,
 Guthrie,1,,1,,,,,,,
 Hacienda Heights,3,,3,,,,,,,
 Haddon Heights,1,,1,,,,,,,
 Hagerstown,4,,4,,,,,,,
 Haines City,2,,2,,,,,,,
 Hales Corners,1,,1,,,,,,,
 Haleyville,1,,1,,,,,,,
 Hamburg,1,,1,,,,,,,
 Hamden,2,,2,,,,,,,
 Hamilton,9,,9,,,,,,,
 Hammond,6,,6,,,,,,,
 Hammonton,1,,1,,,,,,,
 Hampstead,1,,1,,,,,,,
 Hampton,5,,5,,,,,,,
 Hancock,1,,1,,,,,,,
 Hanford,2,,2,,,,,,,
 Hannibal,1,,1,,,,,,,
 Hanover,8,,8,,,,,,,
 Happy Valley,1,,1,,,,,,,
 Hardinsburg,1,,1,,,,,,,
 Harker Heights,1,,1,,,,,,,
 Harlan,1,,1,,,,,,,
 Harlingen,1,,1,,,,,,,
 Harmony,1,,1,,,,,,,
 Harrington,2,,2,,,,,,,
 Harrisburg,1,6,7,,,,,,,
 Harrison,5,,5,,,,,,,
 Harrisonburg,2,,2,,,,,,,
 Harrisonville,1,,1,,,,,,,
 Harrodsburg,1,,1,,,,,,,
 Harrold,1,,1,,,,,,,
 Hartford,,1,1,,,,,,,
 Hartland,3,,3,,,,,,,
 Hartsville,4,,4,,,,,,,
 Hartville,1,,1,,,,,,,
 Hartwell,1,,1,,,,,,,
 Harvey,2,,2,,,,,,,
 Hasbrouck Heights,1,,1,,,,,,,
 Haskell,1,,1,,,,,,,
 Hatfield,1,,1,,,,,,,
 Hattiesburg,1,,1,,,,,,,
 Haughton,1,,1,,,,,,,
 Haverford,1,,1,,,,,,,
 Havre de Grace,1,,1,,,,,,,
 Hawaiian Gardens,1,,1,,,,,,,
 Hawkinsville,1,,1,,,,,,,
 Hawley,1,,1,,,,,,,
 Hawthorne,3,,3,,,,,,,
 Hayes,1,,1,,,,,,,
 Hayesville,1,,1,,,,,,,
 Hays,1,,1,,,,,,,
 Haysville,1,,1,,,,,,,
 Hayward,4,,4,,,,,,,
 Hazard,1,,1,,,,,,,
 Hazel Park,1,,1,,,,,,,
 Hazelwood,1,,1,,,,,,,
 Healdton,1,,1,,,,,,,
 Hebron,1,,1,,,,,,,
 Helena,,3,3,,,,,,,
 Hemet,2,,2,,,,,,,
 Hempstead,1,,1,,,,,,,
 Henderson,8,,8,,,,,,,
 Hendersonville,4,,4,,,,,,,
 Henrico,11,,11,,,,,,,
 Henryetta,2,,2,,,,,,,
 Hephzibah,1,,1,,,,,,,
 Herculaneum,1,,1,,,,,,,
 Hercules,1,,1,,,,,,,
 Hereford,1,,1,,,,,,,
 Hermiston,1,,1,,,,,,,
 Hermitage,6,,6,,,,,,,
 Hernando,1,,1,,,,,,,
 Hesperia,4,,4,,,,,,,
 Heyburn,1,,1,,,,,,,
 Hialeah,11,,11,,,,,,,
 Hiawassee,1,,1,,,,,,,
 Hickory,4,,4,,,,,,,
 Hicksville,2,,2,,,,,,,
 Hidalgo,1,,1,,,,,,,
 High Point,4,,4,,,,,,,
 Highland,3,,3,,,,,,,
 Highland Park,2,,2,,,,,,,
 Hightstown,1,,1,,,,,,,
 Hilliard,8,,8,,,,,,,
 Hillsborough,1,,1,,,,,,,
 Hillsdale,2,,2,,,,,,,
 Hilo,1,,1,,,,,,,
 Hinckley,1,,1,,,,,,,
 Hinesville,2,,2,,,,,,,
 Hingham,1,,1,,,,,,,
 Hiram,1,,1,,,,,,,
 Hixson,4,,4,,,,,,,
 Hobart,2,,2,,,,,,,
 Hobbs,1,,1,,,,,,,
 Hobe Sound,1,,1,,,,,,,
 Hockessin,1,,1,,,,,,,
 Hodgenville,1,,1,,,,,,,
 Hoffman Estates,1,,1,,,,,,,
 Holland,9,,9,,,,,,,
 Hollis,1,,1,,,,,,,
 Hollister,2,,2,,,,,,,
 Holly,1,,1,,,,,,,
 Hollywood,9,,9,,,,,,,
 Holmes,2,,2,,,,,,,
 Holt,1,,1,,,,,,,
 Holyoke,1,,1,,,,,,,
 Homewood,1,,1,,,,,,,
 Honolulu,,9,9,,,,,,,
 Hood River,2,,2,,,,,,,
 Hooksett,1,,1,,,,,,,
 Hoopeston,1,,1,,,,,,,
 Hope,2,,2,,,,,,,
 Hopewell,1,,1,,,,,,,
 Hopkinsville,4,,4,,,,,,,
 Horn Lake,2,,2,,,,,,,
 Horse Shoe,1,,1,,,,,,,
 Horseheads,1,,1,,,,,,,
 Hot Springs,1,,1,,,,,,,
 Hot Springs National Park,5,,5,,,,,,,
 Houghton Lake,2,,2,,,,,,,
 Houma,4,,4,,,,,,,
 House Springs,1,,1,,,,,,,
 Houston,75,,75,,,,,,,
 Howell,3,,3,,,,,,,
 Hudson,1,,1,,,,,,,
 Hudsonville,1,,1,,,,,,,
 Humble,3,,3,,,,,,,
 Humboldt,1,,1,,,,,,,
 Huntington,3,,3,,,,,,,
 Huntington Beach,9,,9,,,,,,,
 Huntington Park,3,,3,,,,,,,
 Huntsville,2,,2,,,,,,,
 Huron,2,,2,,,,,,,
 Hurricane,1,,1,,,,,,,
 Hurst,1,,1,,,,,,,
 Hutchinson,2,,2,,,,,,,
 Hyannis,1,,1,,,,,,,
 Hyattsville,3,,3,,,,,,,
 Hyde Park,1,,1,,,,,,,
 Idaho Falls,4,,4,,,,,,,
 Imperial Beach,1,,1,,,,,,,
 Independence,9,,9,,,,,,,
 Indian River,1,,1,,,,,,,
 Indian Trail,1,,1,,,,,,,
 Indiana,2,,2,,,,,,,
 Indianapolis,,32,32,,,,,,,
 Indio,2,,2,,,,,,,
 Ingleside,1,,1,,,,,,,
 Inglewood,3,,3,,,,,,,
 Inver Grove Heights,1,,1,,,,,,,
 Inverness,3,,3,,,,,,,
 Inwood,1,,1,,,,,,,
 Ionia,1,,1,,,,,,,
 Iowa,1,,1,,,,,,,
 Iowa City,1,,1,,,,,,,
 Iowa Falls,1,,1,,,,,,,
 Irvine,6,,6,,,,,,,
 Irving,6,,6,,,,,,,
 Irwin,1,,1,,,,,,,
 Issaquah,1,,1,,,,,,,
 Ithaca,3,,3,,,,,,,
 Jackson,12,4,16,,,,,,,
 Jacksonville,34,,34,,,,,,,
 Jacksonville Beach,1,,1,,,,,,,
 Jamaica,2,,2,,,,,,,
 Jamaica Plain,1,,1,,,,,,,
 Jamestown,4,,4,,,,,,,
 Janesville,3,,3,,,,,,,
 Jasper,5,,5,,,,,,,
 Jefferson City,1,4,5,,,,,,,
 Jeffersonville,3,,3,,,,,,,
 Jensen Beach,1,,1,,,,,,,
 Jericho,2,,2,,,,,,,
 Jessup,2,,2,,,,,,,
 Jim Thorpe,1,,1,,,,,,,
 John Day,1,,1,,,,,,,
 Johnson City,7,,7,,,,,,,
 Johnson Creek,2,,2,,,,,,,
 Johnsonville,1,,1,,,,,,,
 Johnstown,10,,10,,,,,,,
 Joliet,4,,4,,,,,,,
 Jonesboro,4,,4,,,,,,,
 Jonesborough,3,,3,,,,,,,
 Jonestown,1,,1,,,,,,,
 Jonesville,1,,1,,,,,,,
 Jordan,1,,1,,,,,,,
 Junction City,3,,3,,,,,,,
 Jupiter,2,,2,,,,,,,
 Kƒ´hei,1,,1,,,,,,,
 Kahului,3,,3,,,,,,,
 Kailua,1,,1,,,,,,,
 Kalamazoo,10,,10,,,,,,,
 Kalispell,2,,2,,,,,,,
 Kalkaska,1,,1,,,,,,,
 Kankakee,2,,2,,,,,,,
 Kannapolis,2,,2,,,,,,,
 Kansas City,12,,12,,,,,,,
 Kapolei,1,,1,,,,,,,
 Katy,1,,1,,,,,,,
 Kaysville,1,,1,,,,,,,
 Kearney,6,,6,,,,,,,
 Kearny,2,,2,,,,,,,
 Keego Harbor,1,,1,,,,,,,
 Keene,1,,1,,,,,,,
 Keller,1,,1,,,,,,,
 Kemah,1,,1,,,,,,,
 Kenai,1,,1,,,,,,,
 Kendallville,2,,2,,,,,,,
 Kenedy,1,,1,,,,,,,
 Kenly,3,,3,,,,,,,
 Kenner,2,,2,,,,,,,
 Kennesaw,5,,5,,,,,,,
 Kennewick,1,,1,,,,,,,
 Kenosha,4,,4,,,,,,,
 Kent,2,,2,,,,,,,
 Kenton,1,,1,,,,,,,
 Kermit,1,,1,,,,,,,
 Kernersville,3,,3,,,,,,,
 Kerrville,1,,1,,,,,,,
 Kewaskum,1,,1,,,,,,,
 Killeen,5,,5,,,,,,,
 King City,1,,1,,,,,,,
 King George,2,,2,,,,,,,
 Kingdom City,1,,1,,,,,,,
 Kingman,2,,2,,,,,,,
 Kings Mountain,1,,1,,,,,,,
 Kingsburg,1,,1,,,,,,,
 Kingsport,6,,6,,,,,,,
 Kingston,4,,4,,,,,,,
 Kingston Springs,1,,1,,,,,,,
 Kingstree,1,,1,,,,,,,
 Kingwood,1,,1,,,,,,,
 Kinston,3,,3,,,,,,,
 Kirksville,1,,1,,,,,,,
 Kissimmee,11,,11,,,,,,,
 Kittanning,1,,1,,,,,,,
 Klamath Falls,2,,2,,,,,,,
 Knoxville,27,,27,,,,,,,
 Kokomo,4,,4,,,,,,,
 Kuttawa,1,,1,,,,,,,
 Kyle,1,,1,,,,,,,
 La Ca√±ada Flintridge,1,,1,,,,,,,
 La Crescenta,2,,2,,,,,,,
 La Crosse,1,,1,,,,,,,
 La Feria,1,,1,,,,,,,
 La Grande,1,,1,,,,,,,
 La Grange,2,,2,,,,,,,
 La Habra,5,,5,,,,,,,
 La Marque,1,,1,,,,,,,
 La Mesa,1,,1,,,,,,,
 La Mirada,2,,2,,,,,,,
 La Porte,3,,3,,,,,,,
 La Puente,3,,3,,,,,,,
 La Quinta,1,,1,,,,,,,
 La Vernia,1,,1,,,,,,,
 La Vista,1,,1,,,,,,,
 Lacey,1,,1,,,,,,,
 Laconia,1,,1,,,,,,,
 Lady Lake,1,,1,,,,,,,
 Lafayette,13,,13,,,,,,,
 LaGrange,4,,4,,,,,,,
 Laguna Beach,2,,2,,,,,,,
 Laguna Niguel,2,,2,,,,,,,
 Lahaina,1,,1,,,,,,,
 Lake Charles,6,,6,,,,,,,
 Lake City,2,,2,,,,,,,
 Lake Elsinore,3,,3,,,,,,,
 Lake Forest,1,,1,,,,,,,
 Lake Geneva,2,,2,,,,,,,
 Lake Havasu City,2,,2,,,,,,,
 Lake Hopatcong,1,,1,,,,,,,
 Lake Mary,2,,2,,,,,,,
 Lake Orion,3,,3,,,,,,,
 Lake Oswego,1,,1,,,,,,,
 Lake Park,1,,1,,,,,,,
 Lake Saint Louis,1,,1,,,,,,,
 Lake Worth,8,,8,,,,,,,
 Lake Zurich,1,,1,,,,,,,
 Lakeland,5,,5,,,,,,,
 Lakeside,1,,1,,,,,,,
 Lakewood,7,,7,,,,,,,
 Lambsburg,1,,1,,,,,,,
 Lancaster,11,,11,,,,,,,
 Landrum,2,,2,,,,,,,
 Lansing,2,10,12,,,,,,,
 Lapeer,2,,2,,,,,,,
 Laramie,1,,1,,,,,,,
 Laredo,5,,5,,,,,,,
 Largo,4,,4,,,,,,,
 Las Cruces,5,,5,,,,,,,
 Las Vegas,59,,59,,,,,,,
 Latonia,1,,1,,,,,,,
 Laurel,4,,4,,,,,,,
 Laurens,1,,1,,,,,,,
 Lavonia,1,,1,,,,,,,
 Lawndale,1,,1,,,,,,,
 Lawrence,2,,2,,,,,,,
 Lawrenceburg,2,,2,,,,,,,
 Lawrenceville,7,,7,,,,,,,
 Lawton,3,,3,,,,,,,
 Layton,4,,4,,,,,,,
 Le Mars,1,,1,,,,,,,
 Le Roy,1,,1,,,,,,,
 Leadville,1,,1,,,,,,,
 League City,2,,2,,,,,,,
 Leander,2,,2,,,,,,,
 Leavenworth,2,,2,,,,,,,
 Lebanon,10,,10,,,,,,,
 Lebec,2,,2,,,,,,,
 Leechburg,1,,1,,,,,,,
 Leesburg,3,,3,,,,,,,
 Leesville,1,,1,,,,,,,
 Lehighton,2,,2,,,,,,,
 Leitchfield,1,,1,,,,,,,
 Lemon Grove,2,,2,,,,,,,
 Lena,1,,1,,,,,,,
 Lenexa,1,,1,,,,,,,
 Lenoir,4,,4,,,,,,,
 Lenoir City,1,,1,,,,,,,
 Lenox,1,,1,,,,,,,
 Lewes,2,,2,,,,,,,
 Lewis Center,1,,1,,,,,,,
 Lewisburg,3,,3,,,,,,,
 Lewiston,1,,1,,,,,,,
 Lewisville,2,,2,,,,,,,
 Lexington,24,,24,,,,,,,
 Lexington Park,1,,1,,,,,,,
 Libby,1,,1,,,,,,,
 Liberty,4,,4,,,,,,,
 Liberty Lake,2,,2,,,,,,,
 Lihue,1,,1,,,,,,,
 Lilburn,2,,2,,,,,,,
 Lima,6,,6,,,,,,,
 Lincoln,2,9,11,,,,,,,
 Lincoln City,1,,1,,,,,,,
 Lincoln Park,3,,3,,,,,,,
 Lincolnton,1,,1,,,,,,,
 Lindon,1,,1,,,,,,,
 Lindstrom,1,,1,,,,,,,
 Linthicum Heights,3,,3,,,,,,,
 Linton,1,,1,,,,,,,
 Litchfield,3,,3,,,,,,,
 Lithia Springs,3,,3,,,,,,,
 Lithonia,3,,3,,,,,,,
 Little Elm,2,,2,,,,,,,
 Little Falls,2,,2,,,,,,,
 Little Rock,,10,10,,,,,,,
 Littlestown,1,,1,,,,,,,
 Littleton,9,,9,,,,,,,
 Livermore,3,,3,,,,,,,
 Liverpool,1,,1,,,,,,,
 Livingston,5,,5,,,,,,,
 Livonia,5,,5,,,,,,,
 Lock Haven,2,,2,,,,,,,
 Lockport,4,,4,,,,,,,
 Locust Grove,2,,2,,,,,,,
 Lodi,4,,4,,,,,,,
 Logan,5,,5,,,,,,,
 Logansport,1,,1,,,,,,,
 Loganville,3,,3,,,,,,,
 Lomita,4,,4,,,,,,,
 London,2,,2,,,,,,,
 Long Beach,18,,18,,,,,,,
 Long Branch,2,,2,,,,,,,
 Longmont,3,,3,,,,,,,
 Longview,11,,11,,,,,,,
 Longwood,2,,2,,,,,,,
 Loogootee,1,,1,,,,,,,
 Lordsburg,1,,1,,,,,,,
 Loretto,1,,1,,,,,,,
 Los Angeles,40,,40,,,,,,,
 Los Banos,1,,1,,,,,,,
 Los Gatos,1,,1,,,,,,,
 Los Lunas,3,,3,,,,,,,
 Louisburg,1,,1,,,,,,,
 Louisville,42,,42,,,,,,,
 Loveland,4,,4,,,,,,,
 Loves Park,2,,2,,,,,,,
 Lowell,3,,3,,,,,,,
 Lubbock,11,,11,,,,,,,
 Lugoff,2,,2,,,,,,,
 Lumberton,3,,3,,,,,,,
 Luray,1,,1,,,,,,,
 Lynbrook,1,,1,,,,,,,
 Lynchburg,7,,7,,,,,,,
 Lynnwood,2,,2,,,,,,,
 Lynwood,1,,1,,,,,,,
 Mabank,2,,2,,,,,,,
 Mableton,1,,1,,,,,,,
 Machesney Park,1,,1,,,,,,,
 Machias,1,,1,,,,,,,
 Macomb,2,,2,,,,,,,
 Macon,13,,13,,,,,,,
 Madison,8,7,15,,,,,,,
 Madison Heights,1,,1,,,,,,,
 Madisonville,5,,5,,,,,,,
 Magna,2,,2,,,,,,,
 Magnolia,1,,1,,,,,,,
 Mahomet,1,,1,,,,,,,
 Maize,1,,1,,,,,,,
 Makawao,1,,1,,,,,,,
 Malden,1,,1,,,,,,,
 Malvern,1,,1,,,,,,,
 Manasquan,2,,2,,,,,,,
 Manassas,5,,5,,,,,,,
 Manchester,8,,8,,,,,,,
 Mandeville,5,,5,,,,,,,
 Manhattan,4,,4,,,,,,,
 Manhattan Beach,1,,1,,,,,,,
 Manistee,1,,1,,,,,,,
 Manitou Springs,1,,1,,,,,,,
 Manitowoc,1,,1,,,,,,,
 Mankato,2,,2,,,,,,,
 Manorville,1,,1,,,,,,,
 Mansfield,8,,8,,,,,,,
 Mansura,1,,1,,,,,,,
 Manteca,2,,2,,,,,,,
 Manvel,1,,1,,,,,,,
 Many,1,,1,,,,,,,
 Maple Grove,1,,1,,,,,,,
 Marana,1,,1,,,,,,,
 Marianna,3,,3,,,,,,,
 Marietta,12,,12,,,,,,,
 Marion,14,,14,,,,,,,
 Marlborough,2,,2,,,,,,,
 Marlin,1,,1,,,,,,,
 Marquette,2,,2,,,,,,,
 Marrero,4,,4,,,,,,,
 Marshall,3,,3,,,,,,,
 Marshalltown,3,,3,,,,,,,
 Marshfield,1,,1,,,,,,,
 Marstons Mills,1,,1,,,,,,,
 Martin,1,,1,,,,,,,
 Martinez,1,,1,,,,,,,
 Martins Ferry,1,,1,,,,,,,
 Martinsburg,4,,4,,,,,,,
 Martinsville,2,,2,,,,,,,
 Mary Esther,2,,2,,,,,,,
 Maryland Heights,1,,1,,,,,,,
 Marysville,9,,9,,,,,,,
 Maryville,3,,3,,,,,,,
 Mashpee,1,,1,,,,,,,
 Mason,5,,5,,,,,,,
 Mason City,3,,3,,,,,,,
 Massillon,7,,7,,,,,,,
 Matthews,1,,1,,,,,,,
 Mattoon,1,,1,,,,,,,
 Mauldin,1,,1,,,,,,,
 Maumee,2,,2,,,,,,,
 Maurice,1,,1,,,,,,,
 Mayfield,3,,3,,,,,,,
 Maynard,1,,1,,,,,,,
 Maysville,3,,3,,,,,,,
 McAlester,1,,1,,,,,,,
 McAllen,3,,3,,,,,,,
 McDonough,3,,3,,,,,,,
 McKeesport,2,,2,,,,,,,
 McKinney,4,,4,,,,,,,
 McMinnville,6,,6,,,,,,,
 McPherson,1,,1,,,,,,,
 Meadville,1,,1,,,,,,,
 Mebane,1,,1,,,,,,,
 Mechanicsburg,2,,2,,,,,,,
 Mechanicsville,2,,2,,,,,,,
 Medford,5,,5,,,,,,,
 Medina,7,,7,,,,,,,
 Melbourne,2,,2,,,,,,,
 Melrose Park,1,,1,,,,,,,
 Melville,1,,1,,,,,,,
 Melvindale,1,,1,,,,,,,
 Memphis,23,,23,,,,,,,
 Mena,1,,1,,,,,,,
 Menasha,3,,3,,,,,,,
 Menomonie,1,,1,,,,,,,
 Mentor,2,,2,,,,,,,
 Merced,4,,4,,,,,,,
 Mercer,1,,1,,,,,,,
 Meriden,2,,2,,,,,,,
 Meridian,4,,4,,,,,,,
 Merrick,1,,1,,,,,,,
 Merrillville,1,,1,,,,,,,
 Merritt Island,2,,2,,,,,,,
 Mesa,20,,20,,,,,,,
 Mesquite,9,,9,,,,,,,
 Metairie,6,,6,,,,,,,
 Metter,3,,3,,,,,,,
 Metuchen,1,,1,,,,,,,
 Meyersdale,1,,1,,,,,,,
 Miami,39,,39,,,,,,,
 Miami Gardens,1,,1,,,,,,,
 Miamisburg,3,,3,,,,,,,
 Middle River,1,,1,,,,,,,
 Middlebury,1,,1,,,,,,,
 Middlefield,1,,1,,,,,,,
 Middlesboro,3,,3,,,,,,,
 Middleton,4,,4,,,,,,,
 Middletown,8,,8,,,,,,,
 Midland,6,,6,,,,,,,
 Midlothian,3,,3,,,,,,,
 Mifflinburg,1,,1,,,,,,,
 Mifflinville,1,,1,,,,,,,
 Milan,1,,1,,,,,,,
 Milford,2,,2,,,,,,,
 Milledgeville,5,,5,,,,,,,
 Millen,1,,1,,,,,,,
 Millersburg,2,,2,,,,,,,
 Millersville,1,,1,,,,,,,
 Millington,1,,1,,,,,,,
 Millsboro,1,,1,,,,,,,
 Milpitas,4,,4,,,,,,,
 Milroy,1,,1,,,,,,,
 Milton,5,,5,,,,,,,
 Milwaukee,11,,11,,,,,,,
 Mims,1,,1,,,,,,,
 Minden,2,,2,,,,,,,
 Mineral Wells,2,,2,,,,,,,
 Minneapolis,31,,31,,,,,,,
 Minocqua,1,,1,,,,,,,
 Minooka,1,,1,,,,,,,
 Minot,2,,2,,,,,,,
 Miramar Beach,2,,2,,,,,,,
 Mishawaka,4,,4,,,,,,,
 Mission,2,,2,,,,,,,
 Mission Viejo,1,,1,,,,,,,
 Missoula,6,,6,,,,,,,
 Missouri City,3,,3,,,,,,,
 Mitchell,1,,1,,,,,,,
 Mobridge,2,,2,,,,,,,
 Mocksville,2,,2,,,,,,,
 Modesto,4,,4,,,,,,,
 Molalla,1,,1,,,,,,,
 Moline,6,,6,,,,,,,
 Monaca,3,,3,,,,,,,
 Moncks Corner,3,,3,,,,,,,
 Monett,2,,2,,,,,,,
 Monmouth,2,,2,,,,,,,
 Monmouth Junction,1,,1,,,,,,,
 Monroe,11,,11,,,,,,,
 Monroeville,3,,3,,,,,,,
 Montclair,2,,2,,,,,,,
 Montebello,2,,2,,,,,,,
 Monterey,1,,1,,,,,,,
 Monterey Park,1,,1,,,,,,,
 Montgomery,4,1,5,,,,,,,
 Monticello,4,,4,,,,,,,
 Montrose,3,,3,,,,,,,
 Moorestown,1,,1,,,,,,,
 Mooresville,3,,3,,,,,,,
 Moorhead,2,,2,,,,,,,
 Mora,1,,1,,,,,,,
 Moraga,1,,1,,,,,,,
 Morehead,1,,1,,,,,,,
 Morehead City,1,,1,,,,,,,
 Morgan City,3,,3,,,,,,,
 Morgan Hill,2,,2,,,,,,,
 Morganfield,1,,1,,,,,,,
 Morganton,2,,2,,,,,,,
 Morgantown,5,,5,,,,,,,
 Morrilton,2,,2,,,,,,,
 Morris,2,,2,,,,,,,
 Morrison,1,,1,,,,,,,
 Morristown,3,,3,,,,,,,
 Morrisville,2,,2,,,,,,,
 Morrow,3,,3,,,,,,,
 Morton,1,,1,,,,,,,
 Moscow,1,,1,,,,,,,
 Moses Lake,1,,1,,,,,,,
 Moss Point,1,,1,,,,,,,
 Moundsville,1,,1,,,,,,,
 Mount Carmel,1,,1,,,,,,,
 Mount Dora,1,,1,,,,,,,
 Mount Ephraim,2,,2,,,,,,,
 Mount Gilead,3,,3,,,,,,,
 Mount Holly,3,,3,,,,,,,
 Mount Juliet,2,,2,,,,,,,
 Mount Kisco,1,,1,,,,,,,
 Mount Laurel,2,,2,,,,,,,
 Mount Orab,1,,1,,,,,,,
 Mount Pleasant,10,,10,,,,,,,
 Mount Pocono,2,,2,,,,,,,
 Mount Prospect,2,,2,,,,,,,
 Mount Vernon,7,,7,,,,,,,
 Mountain Grove,1,,1,,,,,,,
 Mountain View,1,,1,,,,,,,
 Mukwonago,1,,1,,,,,,,
 Mulberry,1,,1,,,,,,,
 Mullica Hill,1,,1,,,,,,,
 Mullins,1,,1,,,,,,,
 Muncie,1,,1,,,,,,,
 Mundelein,4,,4,,,,,,,
 Munfordville,1,,1,,,,,,,
 Munster,1,,1,,,,,,,
 Murfreesboro,4,,4,,,,,,,
 Murphy,2,,2,,,,,,,
 Murphysboro,1,,1,,,,,,,
 Murray,1,,1,,,,,,,
 Murrieta,4,,4,,,,,,,
 Murrysville,1,,1,,,,,,,
 Muscatine,2,,2,,,,,,,
 Muskego,1,,1,,,,,,,
 Muskegon,5,,5,,,,,,,
 Muskogee,3,,3,,,,,,,
 Mustang,1,,1,,,,,,,
 Myrtle Beach,4,,4,,,,,,,
 Nampa,3,,3,,,,,,,
 Napa,2,,2,,,,,,,
 Naperville,1,,1,,,,,,,
 Naples,8,,8,,,,,,,
 Napoleon,2,,2,,,,,,,
 Nashua,2,,2,,,,,,,
 Nashville,,24,24,,,,,,,
 Natchitoches,1,,1,,,,,,,
 National City,4,,4,,,,,,,
 Natrona Heights,1,,1,,,,,,,
 Navarre,1,,1,,,,,,,
 Nederland,2,,2,,,,,,,
 Needham Heights,1,,1,,,,,,,
 Neenah,1,,1,,,,,,,
 Neptune Beach,1,,1,,,,,,,
 Nesquehoning,1,,1,,,,,,,
 New Albany,6,,6,,,,,,,
 New Bern,3,,3,,,,,,,
 New Braunfels,3,,3,,,,,,,
 New Britain,2,,2,,,,,,,
 New Brunswick,2,,2,,,,,,,
 New Castle,5,,5,,,,,,,
 New City,1,,1,,,,,,,
 New Franken,1,,1,,,,,,,
 New Haven,1,,1,,,,,,,
 New Holland,1,,1,,,,,,,
 New Holstein,1,,1,,,,,,,
 New Hope,1,,1,,,,,,,
 New Hyde Park,1,,1,,,,,,,
 New Iberia,1,,1,,,,,,,
 New Lexington,2,,2,,,,,,,
 New London,2,,2,,,,,,,
 New Market,3,,3,,,,,,,
 New Milford,1,,1,,,,,,,
 New Orleans,11,,11,,,,,,,
 New Oxford,2,,2,,,,,,,
 New Paltz,1,,1,,,,,,,
 New Philadelphia,3,,3,,,,,,,
 New Port Richey,1,,1,,,,,,,
 New Roads,1,,1,,,,,,,
 New Smyrna Beach,2,,2,,,,,,,
 New York,21,,21,,,,,,,
 Newark,11,,11,,,,,,,
 Newaygo,1,,1,,,,,,,
 Newberg,1,,1,,,,,,,
 Newberry,1,,1,,,,,,,
 Newbury Park,1,,1,,,,,,,
 Newhall,1,,1,,,,,,,
 Newland,1,,1,,,,,,,
 Newman,1,,1,,,,,,,
 Newnan,3,,3,,,,,,,
 Newport,3,,3,,,,,,,
 Newport Beach,6,,6,,,,,,,
 Newport News,6,,6,,,,,,,
 Newton,3,,3,,,,,,,
 Newton Falls,1,,1,,,,,,,
 Niagara Falls,4,,4,,,,,,,
 Niantic,1,,1,,,,,,,
 Nicholasville,2,,2,,,,,,,
 Niles,5,,5,,,,,,,
 Noblesville,1,,1,,,,,,,
 Nogales,1,,1,,,,,,,
 Norcross,2,,2,,,,,,,
 Norfolk,9,,9,,,,,,,
 Normal,1,,1,,,,,,,
 Norman,9,,9,,,,,,,
 Norristown,3,,3,,,,,,,
 North Andover,1,,1,,,,,,,
 North Arlington,1,,1,,,,,,,
 North Augusta,4,,4,,,,,,,
 North Aurora,1,,1,,,,,,,
 North Babylon,1,,1,,,,,,,
 North Bend,2,,2,,,,,,,
 North Billerica,2,,2,,,,,,,
 North Brunswick,1,,1,,,,,,,
 North Charleston,6,,6,,,,,,,
 North Chicago,1,,1,,,,,,,
 North Haven,1,,1,,,,,,,
 North Highlands,1,,1,,,,,,,
 North Hills,1,,1,,,,,,,
 North Hollywood,1,,1,,,,,,,
 North Las Vegas,5,,5,,,,,,,
 North Little Rock,1,,1,,,,,,,
 North Miami Beach,1,,1,,,,,,,
 North Myrtle Beach,3,,3,,,,,,,
 North Olmsted,3,,3,,,,,,,
 North Platte,2,,2,,,,,,,
 North Reading,1,,1,,,,,,,
 North Richland Hills,3,,3,,,,,,,
 North Royalton,2,,2,,,,,,,
 North Tonawanda,2,,2,,,,,,,
 North Vernon,2,,2,,,,,,,
 Northport,1,,1,,,,,,,
 Northridge,4,,4,,,,,,,
 Northwood,2,,2,,,,,,,
 Norwalk,7,,7,,,,,,,
 Norway,1,,1,,,,,,,
 Norwell,1,,1,,,,,,,
 Norwich,1,,1,,,,,,,
 Norwood,1,,1,,,,,,,
 Norwood Young America,1,,1,,,,,,,
 Nottingham,4,,4,,,,,,,
 O Fallon,1,,1,,,,,,,
 Oacoma,1,,1,,,,,,,
 Oak Brook,1,,1,,,,,,,
 Oak Creek,3,,3,,,,,,,
 Oak Forest,1,,1,,,,,,,
 Oak Lawn,1,,1,,,,,,,
 Oak Ridge,1,,1,,,,,,,
 Oakdale,1,,1,,,,,,,
 Oakland,7,,7,,,,,,,
 Oakridge,1,,1,,,,,,,
 Oberlin,1,,1,,,,,,,
 Ocala,7,,7,,,,,,,
 Ocean City,1,,1,,,,,,,
 Ocean Springs,1,,1,,,,,,,
 Oceanside,7,,7,,,,,,,
 Ocilla,1,,1,,,,,,,
 Ocoee,1,,1,,,,,,,
 Oconto Falls,1,,1,,,,,,,
 Odenton,1,,1,,,,,,,
 Odessa,3,,3,,,,,,,
 Ogallala,1,,1,,,,,,,
 Ogden,3,,3,,,,,,,
 Oglesby,2,,2,,,,,,,
 Okeechobee,2,,2,,,,,,,
 Oklahoma City,,25,25,,,,,,,
 Okmulgee,2,,2,,,,,,,
 Olathe,2,,2,,,,,,,
 Old Greenwich,2,,2,,,,,,,
 Old Hickory,2,,2,,,,,,,
 Oldsmar,1,,1,,,,,,,
 Olean,2,,2,,,,,,,
 Olive Branch,1,,1,,,,,,,
 Olivet,1,,1,,,,,,,
 Olney,1,,1,,,,,,,
 Olympia,,6,6,,,,,,,
 Omaha,18,,18,,,,,,,
 Oneida,2,,2,,,,,,,
 Oneonta,1,,1,,,,,,,
 Ontario,6,,6,,,,,,,
 Ooltewah,1,,1,,,,,,,
 Opelousas,3,,3,,,,,,,
 Orange,4,,4,,,,,,,
 Orange City,2,,2,,,,,,,
 Orange Park,3,,3,,,,,,,
 Orangeburg,3,,3,,,,,,,
 Orchard Park,1,,1,,,,,,,
 Oregon,1,,1,,,,,,,
 Oregon City,5,,5,,,,,,,
 Orem,1,,1,,,,,,,
 Orlando,51,,51,,,,,,,
 Ormond Beach,2,,2,,,,,,,
 Osceola,1,,1,,,,,,,
 Oshkosh,5,,5,,,,,,,
 Osseo,2,,2,,,,,,,
 Oswego,2,,2,,,,,,,
 Ottawa,2,,2,,,,,,,
 Ottumwa,1,,1,,,,,,,
 Overland Park,4,,4,,,,,,,
 Oviedo,4,,4,,,,,,,
 Owasso,1,,1,,,,,,,
 Owensboro,2,,2,,,,,,,
 Owings Mills,1,,1,,,,,,,
 Owosso,1,,1,,,,,,,
 Oxford,6,,6,,,,,,,
 Oxnard,6,,6,,,,,,,
 Oxon Hill,1,,1,,,,,,,
 Ozark,1,,1,,,,,,,
 Ozone Park,1,,1,,,,,,,
 Pacific,1,,1,,,,,,,
 Pacific Palisades,1,,1,,,,,,,
 Paducah,1,,1,,,,,,,
 Pahoa,1,,1,,,,,,,
 Painesville,2,,2,,,,,,,
 Paintsville,1,,1,,,,,,,
 Palatine,1,,1,,,,,,,
 Palatka,2,,2,,,,,,,
 Palestine,2,,2,,,,,,,
 Palm Bay,4,,4,,,,,,,
 Palm Beach Gardens,1,,1,,,,,,,
 Palm Desert,2,,2,,,,,,,
 Palmdale,7,,7,,,,,,,
 Palmetto,2,,2,,,,,,,
 Palmyra,4,,4,,,,,,,
 Palo Alto,3,,3,,,,,,,
 Palos Heights,1,,1,,,,,,,
 Palos Hills,1,,1,,,,,,,
 Palos Verdes Peninsula,1,,1,,,,,,,
 Panama City,6,,6,,,,,,,
 Panama City Beach,2,,2,,,,,,,
 Panorama City,1,,1,,,,,,,
 Paoli,1,,1,,,,,,,
 Paragould,1,,1,,,,,,,
 Paramount,1,,1,,,,,,,
 Paramus,1,,1,,,,,,,
 Paris,5,,5,,,,,,,
 Park City,1,,1,,,,,,,
 Park Hills,2,,2,,,,,,,
 Parker,5,,5,,,,,,,
 Parkersburg,2,,2,,,,,,,
 Parkesburg,1,,1,,,,,,,
 Parkville,2,,2,,,,,,,
 Parlin,1,,1,,,,,,,
 Parrish,1,,1,,,,,,,
 Pasadena,11,,11,,,,,,,
 Pascagoula,2,,2,,,,,,,
 Pasco,4,,4,,,,,,,
 Pataskala,1,,1,,,,,,,
 Patchogue,3,,3,,,,,,,
 Pawtucket,1,,1,,,,,,,
 Peachtree City,1,,1,,,,,,,
 Peachtree Corners,2,,2,,,,,,,
 Pearl,2,,2,,,,,,,
 Pearland,4,,4,,,,,,,
 Peekskill,1,,1,,,,,,,
 Pekin,3,,3,,,,,,,
 Pendleton,3,,3,,,,,,,
 Penitas,1,,1,,,,,,,
 Pennsauken,1,,1,,,,,,,
 Pennsburg,1,,1,,,,,,,
 Pensacola,14,,14,,,,,,,
 Peoria,14,,14,,,,,,,
 Pequannock,1,,1,,,,,,,
 Percival,1,,1,,,,,,,
 Perkasie,1,,1,,,,,,,
 Perris,2,,2,,,,,,,
 Perry,6,,6,,,,,,,
 Perrysburg,2,,2,,,,,,,
 Perryville,2,,2,,,,,,,
 Perth Amboy,1,,1,,,,,,,
 Peru,2,,2,,,,,,,
 Petaluma,1,,1,,,,,,,
 Petersburg,4,,4,,,,,,,
 Pfafftown,1,,1,,,,,,,
 Pflugerville,1,,1,,,,,,,
 Philadelphia,27,,27,,,,,,,
 Phoenix,,58,58,,,,,,,
 Phoenixville,1,,1,,,,,,,
 Pickens,1,,1,,,,,,,
 Pickerington,4,,4,,,,,,,
 Pico Rivera,1,,1,,,,,,,
 Piedmont,6,,6,,,,,,,
 Pierre,,1,1,,,,,,,
 Pigeon Forge,4,,4,,,,,,,
 Pikeville,3,,3,,,,,,,
 Pinconning,2,,2,,,,,,,
 Pine Bluff,1,,1,,,,,,,
 Pinellas Park,2,,2,,,,,,,
 Pineville,2,,2,,,,,,,
 Piney Flats,1,,1,,,,,,,
 Pinole,2,,2,,,,,,,
 Piscataway,4,,4,,,,,,,
 Pittsburg,5,,5,,,,,,,
 Pittsburgh,16,,16,,,,,,,
 Pittsfield,4,,4,,,,,,,
 Pittsford,1,,1,,,,,,,
 Placentia,1,,1,,,,,,,
 Plainfield,5,,5,,,,,,,
 Plainview,2,,2,,,,,,,
 Plainville,2,,2,,,,,,,
 Plainwell,4,,4,,,,,,,
 Plano,4,,4,,,,,,,
 Plant City,5,,5,,,,,,,
 Plaquemine,1,,1,,,,,,,
 Platteville,2,,2,,,,,,,
 Plattsburgh,2,,2,,,,,,,
 Pleasant Hill,4,,4,,,,,,,
 Pleasanton,3,,3,,,,,,,
 Plover,2,,2,,,,,,,
 Plymouth,8,,8,,,,,,,
 Pocahontas,2,,2,,,,,,,
 Pocatello,3,,3,,,,,,,
 Pocola,1,,1,,,,,,,
 Point Pleasant,2,,2,,,,,,,
 Point Pleasant Beach,1,,1,,,,,,,
 Polson,1,,1,,,,,,,
 Pomona,3,,3,,,,,,,
 Pompano Beach,15,,15,,,,,,,
 Ponchatoula,1,,1,,,,,,,
 Ponte Vedra Beach,1,,1,,,,,,,
 Pontiac,2,,2,,,,,,,
 Pontotoc,2,,2,,,,,,,
 Pooler,3,,3,,,,,,,
 Poquoson,1,,1,,,,,,,
 Port Allen,3,,3,,,,,,,
 Port Angeles,1,,1,,,,,,,
 Port Arthur,2,,2,,,,,,,
 Port Barre,2,,2,,,,,,,
 Port Charlotte,1,,1,,,,,,,
 Port Chester,1,,1,,,,,,,
 Port Hueneme,3,,3,,,,,,,
 Port Huron,1,,1,,,,,,,
 Port Lavaca,1,,1,,,,,,,
 Port Orange,2,,2,,,,,,,
 Port Orchard,1,,1,,,,,,,
 Port Richey,1,,1,,,,,,,
 Port Saint Lucie,2,,2,,,,,,,
 Port Washington,2,,2,,,,,,,
 Portage,6,,6,,,,,,,
 Porterville,1,,1,,,,,,,
 Portland,22,,22,,,,,,,
 Portsmouth,5,,5,,,,,,,
 Post Falls,2,,2,,,,,,,
 Potomac,2,,2,,,,,,,
 Pottstown,3,,3,,,,,,,
 Poughkeepsie,2,,2,,,,,,,
 Poway,3,,3,,,,,,,
 Powder Springs,3,,3,,,,,,,
 Powell,5,,5,,,,,,,
 Powhatan,1,,1,,,,,,,
 Prairieville,1,,1,,,,,,,
 Pratt,1,,1,,,,,,,
 Presque Isle,1,,1,,,,,,,
 Prestonsburg,2,,2,,,,,,,
 Price,1,,1,,,,,,,
 Prince Frederick,1,,1,,,,,,,
 Princeton,6,,6,,,,,,,
 Prospect,1,,1,,,,,,,
 Prosser,2,,2,,,,,,,
 Providence,,3,3,,,,,,,
 Providence Forge,1,,1,,,,,,,
 Provo,3,,3,,,,,,,
 Prudenville,1,,1,,,,,,,
 Pryor,1,,1,,,,,,,
 Pueblo,1,,1,,,,,,,
 Pulaski,3,,3,,,,,,,
 Pullman,3,,3,,,,,,,
 Puyallup,7,,7,,,,,,,
 Quakertown,2,,2,,,,,,,
 Queensbury,1,,1,,,,,,,
 Quincy,9,,9,,,,,,,
 Quitman,2,,2,,,,,,,
 Racine,5,,5,,,,,,,
 Radcliff,2,,2,,,,,,,
 Radford,1,,1,,,,,,,
 Rahway,1,,1,,,,,,,
 Raleigh,,14,14,,,,,,,
 Ramona,1,,1,,,,,,,
 Rancho Cordova,2,,2,,,,,,,
 Rancho Cucamonga,1,,1,,,,,,,
 Rancho Santa Margarita,1,,1,,,,,,,
 Randleman,1,,1,,,,,,,
 Randolph,1,,1,,,,,,,
 Ranger,1,,1,,,,,,,
 Rantoul,1,,1,,,,,,,
 Rapid City,8,,8,,,,,,,
 Raton,1,,1,,,,,,,
 Ravenna,1,,1,,,,,,,
 Reading,6,,6,,,,,,,
 Red Bank,1,,1,,,,,,,
 Red Bluff,1,,1,,,,,,,
 Red Bud,1,,1,,,,,,,
 Red Oak,1,,1,,,,,,,
 Red Springs,1,,1,,,,,,,
 Red Wing,1,,1,,,,,,,
 Redding,3,,3,,,,,,,
 Redford,2,,2,,,,,,,
 Redlands,1,,1,,,,,,,
 Redmond,6,,6,,,,,,,
 Redondo Beach,2,,2,,,,,,,
 Redwood City,3,,3,,,,,,,
 Redwood Falls,1,,1,,,,,,,
 Reed City,1,,1,,,,,,,
 Reedsburg,1,,1,,,,,,,
 Refugio,1,,1,,,,,,,
 Rego Park,2,,2,,,,,,,
 Reisterstown,1,,1,,,,,,,
 Reno,11,,11,,,,,,,
 Rensselaer,2,,2,,,,,,,
 Renton,4,,4,,,,,,,
 Reseda,4,,4,,,,,,,
 Reston,1,,1,,,,,,,
 Revere,2,,2,,,,,,,
 Rexburg,1,,1,,,,,,,
 Reynoldsburg,4,,4,,,,,,,
 Rhinelander,1,,1,,,,,,,
 Rialto,4,,4,,,,,,,
 Rice Lake,2,,2,,,,,,,
 Richardson,3,,3,,,,,,,
 Richland,2,,2,,,,,,,
 Richland Center,1,,1,,,,,,,
 Richlands,1,,1,,,,,,,
 Richmond,2,6,8,,,,,,,
 Ridge,1,,1,,,,,,,
 Ridgeland,2,,2,,,,,,,
 Ridgeway,1,,1,,,,,,,
 Ridley Park,1,,1,,,,,,,
 Rigby,1,,1,,,,,,,
 Rincon,2,,2,,,,,,,
 Rio Rancho,3,,3,,,,,,,
 Ripley,1,,1,,,,,,,
 Ripon,2,,2,,,,,,,
 Ririe,1,,1,,,,,,,
 Rising Sun,1,,1,,,,,,,
 River Falls,1,,1,,,,,,,
 Riverbank,1,,1,,,,,,,
 Riverhead,1,,1,,,,,,,
 Riverside,10,,10,,,,,,,
 Riverton,3,,3,,,,,,,
 Roanoke,9,,9,,,,,,,
 Roanoke Rapids,2,,2,,,,,,,
 Roaring Spring,1,,1,,,,,,,
 Rochester,19,,19,,,,,,,
 Rock Falls,1,,1,,,,,,,
 Rock Spring,1,,1,,,,,,,
 Rock Springs,3,,3,,,,,,,
 Rockford,8,,8,,,,,,,
 Rockingham,1,,1,,,,,,,
 Rockmart,1,,1,,,,,,,
 Rockport,1,,1,,,,,,,
 Rockville,1,,1,,,,,,,
 Rockville Centre,2,,2,,,,,,,
 Rockwall,1,,1,,,,,,,
 Rocky Mount,2,,2,,,,,,,
 Rogers,4,,4,,,,,,,
 Rohnert Park,1,,1,,,,,,,
 Roland,1,,1,,,,,,,
 Rolesville,1,,1,,,,,,,
 Rolla,2,,2,,,,,,,
 Rolling Meadows,2,,2,,,,,,,
 Rome,6,,6,,,,,,,
 Rome City,1,,1,,,,,,,
 Romeoville,1,,1,,,,,,,
 Romulus,1,,1,,,,,,,
 Rosamond,1,,1,,,,,,,
 Roscoe,1,,1,,,,,,,
 Roseburg,4,,4,,,,,,,
 Rosedale,4,,4,,,,,,,
 Rosemead,1,,1,,,,,,,
 Rosenberg,3,,3,,,,,,,
 Roseville,11,,11,,,,,,,
 Roslindale,2,,2,,,,,,,
 Rossford,1,,1,,,,,,,
 Roswell,1,,1,,,,,,,
 Rothschild,1,,1,,,,,,,
 Round Lake,2,,2,,,,,,,
 Round Rock,4,,4,,,,,,,
 Rowland Heights,4,,4,,,,,,,
 Rowlett,1,,1,,,,,,,
 Roxboro,1,,1,,,,,,,
 Roy,2,,2,,,,,,,
 Royal Oak,5,,5,,,,,,,
 Rushville,1,,1,,,,,,,
 Rusk,1,,1,,,,,,,
 Russellville,2,,2,,,,,,,
 Rustburg,1,,1,,,,,,,
 Ruston,1,,1,,,,,,,
 Ruther Glen,1,,1,,,,,,,
 Rutherford,2,,2,,,,,,,
 Rutherfordton,1,,1,,,,,,,
 Rutland,2,,2,,,,,,,
 Sachse,1,,1,,,,,,,
 Sacramento,,18,18,,,,,,,
 Saddle Brook,1,,1,,,,,,,
 Saginaw,7,,7,,,,,,,
 Saint Albans,2,,2,,,,,,,
 Saint Augustine,6,,6,,,,,,,
 Saint Charles,4,,4,,,,,,,
 Saint Clair,3,,3,,,,,,,
 Saint Clair Shores,3,,3,,,,,,,
 Saint Clairsville,2,,2,,,,,,,
 Saint Cloud,4,,4,,,,,,,
 Saint Francis,1,,1,,,,,,,
 Saint George,2,,2,,,,,,,
 Saint James,3,,3,,,,,,,
 Saint Johns,4,,4,,,,,,,
 Saint Joseph,8,,8,,,,,,,
 Saint Louis,21,,21,,,,,,,
 Saint Marys,5,,5,,,,,,,
 Saint Paul,,26,26,,,,,,,
 Saint Peter,2,,2,,,,,,,
 Saint Peters,1,,1,,,,,,,
 Saint Petersburg,11,,11,,,,,,,
 Saint Robert,1,,1,,,,,,,
 Salem,5,12,17,,,,,,,
 Salida,1,,1,,,,,,,
 Salinas,1,,1,,,,,,,
 Salisbury,5,,5,,,,,,,
 Sallisaw,1,,1,,,,,,,
 Salt Lake City,,12,12,,,,,,,
 San Angelo,1,,1,,,,,,,
 San Antonio,41,,41,,,,,,,
 San Bernardino,4,,4,,,,,,,
 San Bruno,1,,1,,,,,,,
 San Clemente,3,,3,,,,,,,
 San Diego,37,,37,,,,,,,
 San Dimas,4,,4,,,,,,,
 San Francisco,11,,11,,,,,,,
 San Jacinto,2,,2,,,,,,,
 San Jose,26,,26,,,,,,,
 San Leandro,2,,2,,,,,,,
 San Luis Obispo,3,,3,,,,,,,
 San Manuel,1,,1,,,,,,,
 San Marcos,5,,5,,,,,,,
 San Mateo,2,,2,,,,,,,
 San Pablo,1,,1,,,,,,,
 San Pedro,2,,2,,,,,,,
 San Rafael,1,,1,,,,,,,
 San Ramon,1,,1,,,,,,,
 San Ysidro,1,,1,,,,,,,
 Sandersville,2,,2,,,,,,,
 Sandusky,3,,3,,,,,,,
 Sandwich,1,,1,,,,,,,
 Sandy,2,,2,,,,,,,
 Sanford,7,,7,,,,,,,
 Sanger,1,,1,,,,,,,
 Santa Ana,8,,8,,,,,,,
 Santa Barbara,1,,1,,,,,,,
 Santa Clara,5,,5,,,,,,,
 Santa Clarita,2,,2,,,,,,,
 Santa Cruz,1,,1,,,,,,,
 Santa Fe,,3,3,,,,,,,
 Santa Fe Springs,1,,1,,,,,,,
 Santa Monica,2,,2,,,,,,,
 Santa Paula,1,,1,,,,,,,
 Santa Rosa,5,,5,,,,,,,
 Santee,4,,4,,,,,,,
 Sapulpa,1,,1,,,,,,,
 Sarasota,5,,5,,,,,,,
 Saratoga Springs,3,,3,,,,,,,
 Saugatuck,1,,1,,,,,,,
 Saugerties,1,,1,,,,,,,
 Saugus,1,,1,,,,,,,
 Sauk City,1,,1,,,,,,,
 Savage,2,,2,,,,,,,
 Savannah,6,,6,,,,,,,
 Sawyer,1,,1,,,,,,,
 Sayre,2,,2,,,,,,,
 Schaumburg,1,,1,,,,,,,
 Schenectady,4,,4,,,,,,,
 Schererville,1,,1,,,,,,,
 Schuylkill Haven,1,,1,,,,,,,
 Scituate,1,,1,,,,,,,
 Scotland Neck,1,,1,,,,,,,
 Scott,1,,1,,,,,,,
 Scotts Valley,1,,1,,,,,,,
 Scottsbluff,1,,1,,,,,,,
 Scottsdale,12,,12,,,,,,,
 Scottsville,1,,1,,,,,,,
 Scranton,1,,1,,,,,,,
 Seabrook,1,,1,,,,,,,
 Seaford,3,,3,,,,,,,
 Seagoville,1,,1,,,,,,,
 Searcy,2,,2,,,,,,,
 Seaside,1,,1,,,,,,,
 Seattle,22,,22,,,,,,,
 Sebastian,1,,1,,,,,,,
 Sebastopol,2,,2,,,,,,,
 Sebring,1,,1,,,,,,,
 Secaucus,1,,1,,,,,,,
 Sedalia,1,,1,,,,,,,
 Sedona,1,,1,,,,,,,
 Seekonk,2,,2,,,,,,,
 Seguin,1,,1,,,,,,,
 Selah,1,,1,,,,,,,
 Selden,1,,1,,,,,,,
 Sellersburg,1,,1,,,,,,,
 Seminole,2,,2,,,,,,,
 Sequim,1,,1,,,,,,,
 Severn,1,,1,,,,,,,
 Severna Park,2,,2,,,,,,,
 Sevierville,2,,2,,,,,,,
 Seward,1,,1,,,,,,,
 Seymour,4,,4,,,,,,,
 Shakopee,5,,5,,,,,,,
 Shallotte,1,,1,,,,,,,
 Sharon,1,,1,,,,,,,
 Shawano,1,,1,,,,,,,
 Shawnee,1,,1,,,,,,,
 Sheboygan,2,,2,,,,,,,
 Shelby,2,,2,,,,,,,
 Shelbyville,6,,6,,,,,,,
 Shelton,2,,2,,,,,,,
 Shepherdsville,1,,1,,,,,,,
 Sherburne,1,,1,,,,,,,
 Sheridan,4,,4,,,,,,,
 Sherman,3,,3,,,,,,,
 Sherwood,1,,1,,,,,,,
 Short Hills,1,,1,,,,,,,
 Show Low,3,,3,,,,,,,
 Shreveport,11,,11,,,,,,,
 Sicklerville,1,,1,,,,,,,
 Sidney,2,,2,,,,,,,
 Sierra Vista,3,,3,,,,,,,
 Signal Hill,2,,2,,,,,,,
 Signal Mountain,1,,1,,,,,,,
 Silver Spring,2,,2,,,,,,,
 Silverdale,3,,3,,,,,,,
 Silverthorne,1,,1,,,,,,,
 Simi Valley,4,,4,,,,,,,
 Simpsonville,2,,2,,,,,,,
 Sinton,1,,1,,,,,,,
 Sioux Center,1,,1,,,,,,,
 Sioux City,5,,5,,,,,,,
 Sioux Falls,10,,10,,,,,,,
 Skiatook,1,,1,,,,,,,
 Skokie,1,,1,,,,,,,
 Slidell,2,,2,,,,,,,
 Smithfield,3,,3,,,,,,,
 Smithville,1,,1,,,,,,,
 Smyrna,3,,3,,,,,,,
 Snohomish,1,,1,,,,,,,
 Snow Hill,1,,1,,,,,,,
 Snyder,1,,1,,,,,,,
 Soda Springs,1,,1,,,,,,,
 Solana Beach,1,,1,,,,,,,
 Solomons,2,,2,,,,,,,
 Somers Point,1,,1,,,,,,,
 Somerset,1,,1,,,,,,,
 Sonoma,1,,1,,,,,,,
 Sonora,1,,1,,,,,,,
 South Bend,6,,6,,,,,,,
 South Boston,3,,3,,,,,,,
 South Burlington,2,,2,,,,,,,
 South Charleston,1,,1,,,,,,,
 South El Monte,1,,1,,,,,,,
 South Elgin,4,,4,,,,,,,
 South Gate,4,,4,,,,,,,
 South Haven,1,,1,,,,,,,
 South Holland,1,,1,,,,,,,
 South Lyon,1,,1,,,,,,,
 South Padre Island,1,,1,,,,,,,
 South Point,1,,1,,,,,,,
 South Saint Paul,1,,1,,,,,,,
 South San Francisco,1,,1,,,,,,,
 South Sioux City,1,,1,,,,,,,
 South Yarmouth,1,,1,,,,,,,
 Southampton,1,,1,,,,,,,
 Southaven,3,,3,,,,,,,
 Southern Pines,1,,1,,,,,,,
 Southfield,2,,2,,,,,,,
 Southington,1,,1,,,,,,,
 Southlake,2,,2,,,,,,,
 Spanish Fork,2,,2,,,,,,,
 Sparks,3,,3,,,,,,,
 Sparta,1,,1,,,,,,,
 Spartanburg,9,,9,,,,,,,
 Spearfish,1,,1,,,,,,,
 Spencer,1,,1,,,,,,,
 Spicer,1,,1,,,,,,,
 Spirit Lake,1,,1,,,,,,,
 Spiro,1,,1,,,,,,,
 Spokane,17,,17,,,,,,,
 Spotsylvania,1,,1,,,,,,,
 Spring,7,,7,,,,,,,
 Spring Branch,1,,1,,,,,,,
 Spring Grove,1,,1,,,,,,,
 Spring Hill,3,,3,,,,,,,
 Spring Lake,1,,1,,,,,,,
 Springboro,3,,3,,,,,,,
 Springdale,2,,2,,,,,,,
 Springfield,23,7,30,,,,,,,
 Springhill,1,,1,,,,,,,
 Springville,2,,2,,,,,,,
 Succasunna,1,,1,,,,,,,
 Suffolk,1,,1,,,,,,,
 Sugar Land,1,,1,,,,,,,
 Sugarcreek,1,,1,,,,,,,
 Sullivan,1,,1,,,,,,,
 Sulphur,2,,2,,,,,,,
 Sulphur Springs,3,,3,,,,,,,
 Summerfield,1,,1,,,,,,,
 Summerville,3,,3,,,,,,,
 Sumter,1,,1,,,,,,,
 Sun City,1,,1,,,,,,,
 Sun City Center,1,,1,,,,,,,
 Sun Prairie,1,,1,,,,,,,
 Sun Valley,2,,2,,,,,,,
 Sunland,2,,2,,,,,,,
 Sunnyvale,4,,4,,,,,,,
 Surprise,9,,9,,,,,,,
 Suwanee,2,,2,,,,,,,
 Swainsboro,1,,1,,,,,,,
 Swanton,1,,1,,,,,,,
 Swartz Creek,1,,1,,,,,,,
 Sweetwater,2,,2,,,,,,,
 Sycamore,1,,1,,,,,,,
 Sykesville,2,,2,,,,,,,
 Sylmar,2,,2,,,,,,,
 Sylva,1,,1,,,,,,,
 Sylvania,1,,1,,,,,,,
 Sylvester,1,,1,,,,,,,
 Syracuse,10,,10,,,,,,,
 Tacoma,10,,10,,,,,,,
 Tallahassee,,16,16,,,,,,,
 Tallmadge,1,,1,,,,,,,
 Tampa,18,,18,,,,,,,
 Tarboro,3,,3,,,,,,,
 Tarpon Springs,1,,1,,,,,,,
 Taunton,2,,2,,,,,,,
 Taylor,6,,6,,,,,,,
 Taylorville,1,,1,,,,,,,
 Tecumseh,3,,3,,,,,,,
 Temecula,2,,2,,,,,,,
 Tempe,11,,11,,,,,,,
 Temple,2,,2,,,,,,,
 Temple City,3,,3,,,,,,,
 Terre Haute,2,,2,,,,,,,
 Terrell,2,,2,,,,,,,
 Terryville,1,,1,,,,,,,
 Texarkana,3,,3,,,,,,,
 Texas City,2,,2,,,,,,,
 The Dalles,2,,2,,,,,,,
 Thermopolis,2,,2,,,,,,,
 Thibodaux,3,,3,,,,,,,
 Thief River Falls,1,,1,,,,,,,
 Thomaston,1,,1,,,,,,,
 Thomasville,4,,4,,,,,,,
 Thomson,1,,1,,,,,,,
 Thousand Oaks,2,,2,,,,,,,
 Thurmont,2,,2,,,,,,,
 Ticonderoga,1,,1,,,,,,,
 Timmonsville,1,,1,,,,,,,
 Titusville,2,,2,,,,,,,
 Tivoli,1,,1,,,,,,,
 Toccoa,1,,1,,,,,,,
 Toledo,14,,14,,,,,,,
 Tomah,2,,2,,,,,,,
 Tomball,1,,1,,,,,,,
 Toms River,2,,2,,,,,,,
 Tonawanda,1,,1,,,,,,,
 Topeka,,1,1,,,,,,,
 Toronto,1,,1,,,,,,,
 Torrance,8,,8,,,,,,,
 Townsend,1,,1,,,,,,,
 Towson,4,,4,,,,,,,
 Tracy,1,,1,,,,,,,
 Traverse City,5,,5,,,,,,,
 Trenton,5,1,6,,,,,,,
 Trexlertown,1,,1,,,,,,,
 Triadelphia,1,,1,,,,,,,
 Troutdale,1,,1,,,,,,,
 Troutman,1,,1,,,,,,,
 Troutville,1,,1,,,,,,,
 Troy,6,,6,,,,,,,
 Tualatin,1,,1,,,,,,,
 Tucker,3,,3,,,,,,,
 Tucson,33,,33,,,,,,,
 Tujunga,1,,1,,,,,,,
 Tulare,4,,4,,,,,,,
 Tullahoma,2,,2,,,,,,,
 Tulsa,18,,18,,,,,,,
 Tupelo,3,,3,,,,,,,
 Turlock,4,,4,,,,,,,
 Tuscola,1,,1,,,,,,,
 Tustin,2,,2,,,,,,,
 Twin Falls,2,,2,,,,,,,
 Twinsburg,1,,1,,,,,,,
 Two Harbors,1,,1,,,,,,,
 Two Rivers,1,,1,,,,,,,
 Tyler,5,,5,,,,,,,
 Ulysses,1,,1,,,,,,,
 Umatilla,1,,1,,,,,,,
 Uncasville,1,,1,,,,,,,
 Union,4,,4,,,,,,,
 Union City,5,,5,,,,,,,
 Union Grove,1,,1,,,,,,,
 Uniondale,1,,1,,,,,,,
 Uniontown,4,,4,,,,,,,
 Upland,1,,1,,,,,,,
 Upper Darby,1,,1,,,,,,,
 Upper Marlboro,2,,2,,,,,,,
 Upper Sandusky,3,,3,,,,,,,
 Urbana,5,,5,,,,,,,
 Urbandale,3,,3,,,,,,,
 Utica,7,,7,,,,,,,
 Uvalde,3,,3,,,,,,,
 Uxbridge,1,,1,,,,,,,
 Vacaville,1,,1,,,,,,,
 Valdosta,6,,6,,,,,,,
 Valencia,2,,2,,,,,,,
 Vallejo,3,,3,,,,,,,
 Valley City,1,,1,,,,,,,
 Valparaiso,1,,1,,,,,,,
 Valrico,1,,1,,,,,,,
 Van,1,,1,,,,,,,
 Van Buren,1,,1,,,,,,,
 Van Nuys,9,,9,,,,,,,
 Vancouver,7,,7,,,,,,,
 Vandalia,2,,2,,,,,,,
 Venice,3,,3,,,,,,,
 Ventura,4,,4,,,,,,,
 Veradale,1,,1,,,,,,,
 Vermilion,3,,3,,,,,,,
 Vermillion,1,,1,,,,,,,
 Vernon Hills,1,,1,,,,,,,
 Vero Beach,2,,2,,,,,,,
 Verona,1,,1,,,,,,,
 Vestal,1,,1,,,,,,,
 Victoria,3,,3,,,,,,,
 Victorville,2,,2,,,,,,,
 Vidalia,2,,2,,,,,,,
 Vienna,1,,1,,,,,,,
 Villa Rica,1,,1,,,,,,,
 Ville Platte,1,,1,,,,,,,
 Vincennes,2,,2,,,,,,,
 Vinton,2,,2,,,,,,,
 Virginia Beach,16,,16,,,,,,,
 Viroqua,1,,1,,,,,,,
 Visalia,2,,2,,,,,,,
 Vista,2,,2,,,,,,,
 Wabasha,1,,1,,,,,,,
 Waco,7,,7,,,,,,,
 Waconia,2,,2,,,,,,,
 Wadena,1,,1,,,,,,,
 Wadesboro,1,,1,,,,,,,
 Wadsworth,4,,4,,,,,,,
 Wagoner,1,,1,,,,,,,
 WahiawƒÅ,1,,1,,,,,,,
 Wahpeton,1,,1,,,,,,,
 Waianae,1,,1,,,,,,,
 Wailuku,1,,1,,,,,,,
 Waimanalo,1,,1,,,,,,,
 Walden,1,,1,,,,,,,
 Waldo,1,,1,,,,,,,
 Waldorf,2,,2,,,,,,,
 Walhalla,1,,1,,,,,,,
 Walkersville,1,,1,,,,,,,
 Walla Walla,1,,1,,,,,,,
 Walled Lake,2,,2,,,,,,,
 Waller,1,,1,,,,,,,
 Walnut,1,,1,,,,,,,
 Walnut Creek,1,,1,,,,,,,
 Walnutport,1,,1,,,,,,,
 Walpole,1,,1,,,,,,,
 Walterboro,1,,1,,,,,,,
 Waltham,5,,5,,,,,,,
 Walton,3,,3,,,,,,,
 Wapakoneta,1,,1,,,,,,,
 Warner Robins,6,,6,,,,,,,
 Warren,10,,10,,,,,,,
 Warrensburg,1,,1,,,,,,,
 Warrenton,4,,4,,,,,,,
 Warsaw,3,,3,,,,,,,
 Warwick,1,,1,,,,,,,
 Waseca,1,,1,,,,,,,
 Washington,6,,6,,,,,,,
 Washington Court House,1,,1,,,,,,,
 Waterbury,1,,1,,,,,,,
 Waterford,1,,1,,,,,,,
 Waterloo,4,,4,,,,,,,
 Watertown,6,,6,,,,,,,
 Waterville,2,,2,,,,,,,
 Watsonville,1,,1,,,,,,,
 Wauchula,1,,1,,,,,,,
 Wauconda,2,,2,,,,,,,
 Waukegan,4,,4,,,,,,,
 Waukesha,3,,3,,,,,,,
 Waunakee,1,,1,,,,,,,
 Wausau,2,,2,,,,,,,
 Wauseon,1,,1,,,,,,,
 Wautoma,4,,4,,,,,,,
 Waverly,2,,2,,,,,,,
 Waxahachie,2,,2,,,,,,,
 Waycross,2,,2,,,,,,,
 Wayne,2,,2,,,,,,,
 Waynesboro,3,,3,,,,,,,
 Waynesville,4,,4,,,,,,,
 Wayzata,1,,1,,,,,,,
 Weatherford,8,,8,,,,,,,
 Webster,2,,2,,,,,,,
 Weed,1,,1,,,,,,,
 Weedsport,1,,1,,,,,,,
 Weirton,2,,2,,,,,,,
 Welch,1,,1,,,,,,,
 Wellington,1,,1,,,,,,,
 Wellsburg,1,,1,,,,,,,
 Wellsville,1,,1,,,,,,,
 Wendell,1,,1,,,,,,,
 Wentzville,1,,1,,,,,,,
 Weslaco,1,,1,,,,,,,
 West Bend,2,,2,,,,,,,
 West Berlin,1,,1,,,,,,,
 West Boylston,2,,2,,,,,,,
 West Branch,4,,4,,,,,,,
 West Bridgewater,1,,1,,,,,,,
 West Chester,3,,3,,,,,,,
 West Columbia,2,,2,,,,,,,
 West Covina,3,,3,,,,,,,
 West Des Moines,2,,2,,,,,,,
 West Frankfort,1,,1,,,,,,,
 West Haverstraw,1,,1,,,,,,,
 West Jordan,1,,1,,,,,,,
 West Lafayette,2,,2,,,,,,,
 West Linn,3,,3,,,,,,,
 West Mifflin,1,,1,,,,,,,
 West Monroe,1,,1,,,,,,,
 West Nyack,1,,1,,,,,,,
 West Palm Beach,2,,2,,,,,,,
 West Plains,1,,1,,,,,,,
 West Sacramento,2,,2,,,,,,,
 West Salem,1,,1,,,,,,,
 West Springfield,1,,1,,,,,,,
 West Valley City,1,,1,,,,,,,
 Westborough,1,,1,,,,,,,
 Westbury,2,,2,,,,,,,
 Westchester,1,,1,,,,,,,
 Westernport,1,,1,,,,,,,
 Westerville,3,,3,,,,,,,
 Westfield,2,,2,,,,,,,
 Westlake Village,1,,1,,,,,,,
 Westland,1,,1,,,,,,,
 Westminster,4,,4,,,,,,,
 Westover,1,,1,,,,,,,
 Wexford,1,,1,,,,,,,
 Wharton,1,,1,,,,,,,
 Wheat Ridge,1,,1,,,,,,,
 Wheatland,1,,1,,,,,,,
 Wheaton,2,,2,,,,,,,
 Wheelersburg,1,,1,,,,,,,
 Wheeling,1,,1,,,,,,,
 White City,1,,1,,,,,,,
 White Hall,1,,1,,,,,,,
 White House,4,,4,,,,,,,
 White Lake,2,,2,,,,,,,
 Whitefish,2,,2,,,,,,,
 Whitehall,5,,5,,,,,,,
 Whitehouse,2,,2,,,,,,,
 Whiteland,1,,1,,,,,,,
 Whitestone,1,,1,,,,,,,
 Whitestown,1,,1,,,,,,,
 Whiting,2,,2,,,,,,,
 Whitinsville,1,,1,,,,,,,
 Whitmore Lake,1,,1,,,,,,,
 Whitney Point,1,,1,,,,,,,
 Whitsett,1,,1,,,,,,,
 Whittier,5,,5,,,,,,,
 Wichita,11,,11,,,,,,,
 Wichita Falls,4,,4,,,,,,,
 Wickenburg,1,,1,,,,,,,
 Wickliffe,1,,1,,,,,,,
 Wilburton,1,,1,,,,,,,
 Wildomar,1,,1,,,,,,,
 Wildwood,1,,1,,,,,,,
 Williams,1,,1,,,,,,,
 Williamsburg,4,,4,,,,,,,
 Williamsport,2,,2,,,,,,,
 Williamston,1,,1,,,,,,,
 Williamstown,2,,2,,,,,,,
 Willis,1,,1,,,,,,,
 Williston,3,,3,,,,,,,
 Willmar,3,,3,,,,,,,
 Willoughby,1,,1,,,,,,,
 Willow Grove,1,,1,,,,,,,
 Willows,2,,2,,,,,,,
 Wilmington,9,,9,,,,,,,
 Wilson,2,,2,,,,,,,
 Wilsonville,1,,1,,,,,,,
 Winamac,2,,2,,,,,,,
 Winchendon,1,,1,,,,,,,
 Winchester,6,,6,,,,,,,
 Windham,1,,1,,,,,,,
 Windsor,7,,7,,,,,,,
 Windsor Mill,2,,2,,,,,,,
 Winner,1,,1,,,,,,,
 Winnetka,3,,3,,,,,,,
 Winnfield,2,,2,,,,,,,
 Winnsboro,1,,1,,,,,,,
 Winslow,2,,2,,,,,,,
 Winston-Salem,8,,8,,,,,,,
 Winter Haven,1,,1,,,,,,,
 Winter Park,2,,2,,,,,,,
 Winter Springs,3,,3,,,,,,,
 Winterville,1,,1,,,,,,,
 Winthrop,1,,1,,,,,,,
 Wisconsin Dells,3,,3,,,,,,,
 Wisconsin Rapids,2,,2,,,,,,,
 Wixom,3,,3,,,,,,,
 Woburn,4,,4,,,,,,,
 Wood River,2,,2,,,,,,,
 Woodbridge,3,,3,,,,,,,
 Woodburn,1,,1,,,,,,,
 Woodbury,1,,1,,,,,,,
 Woodinville,1,,1,,,,,,,
 Woodland,1,,1,,,,,,,
 Woodland Hills,2,,2,,,,,,,
 Woodstock,5,,5,,,,,,,
 Woodville,1,,1,,,,,,,
 Woodward,2,,2,,,,,,,
 Woonsocket,1,,1,,,,,2.861459969,,11.52173913
 Wooster,6,,6,,,,,,,
 Worcester,2,,2,,,,,3.494336104,,8.679245283
 Worthington,2,,2,,,,,,,
 Wrens,1,,1,,,,,,,
 Wyandotte,1,,1,,,,,,,
 Wylie,3,,3,,,,,,,
 Wyoming,5,,5,,,,,,,
 Wytheville,1,,1,,,,,,,
 Xenia,1,,1,,,,,,,
 Yakima,5,,5,,,,,,,
 Yelm,1,,1,,,,,,,
 Yonkers,3,,3,,,,,,,
 York,8,,8,,,,,,,
 Yorktown,3,,3,,,,,,,
 Yorkville,1,,1,,,,,,,
 Youngstown,10,,10,,,,,,,
 Ypsilanti,2,,2,,,,,,,
 Yucaipa,2,,2,,,,,,,
 Yucca Valley,1,,1,,,,,,,
 Yukon,3,,3,,,,,,,
 Yuma,6,,6,,,,,,,
 Zanesville,4,,4,,,,,,,
 Zebulon,1,,1,,,,,,,
 Zeeland,1,,1,,,,,,,
 Zion,1,,1,,,,,,,
Grand Total,7291,530,7821,,,,,,,
